order_key,city_key,customer_key,stock_item_key,order_date_key,picked_date_key,salesperson_key,picker_key,package,quantity,unit_price,tax_rate,total_excluding_tax,tax_amount,total_including_tax
1,91,179,533,2014-02-05,2013-03-17,135,122,S,805,237.77,61,2245.39,305.4,7529.12
2,83,2,631,2015-11-17,2013-07-19,2,133,S,76,721.71,59,6585.7,135.12,8442.06
3,47,390,174,2015-04-29,2015-11-03,128,75,S,585,2866.71,9,8113.37,792.11,9934.49
4,8,218,157,2015-04-04,2014-12-03,84,191,S,878,4671.07,39,9109.56,668.65,6166.09
5,94,167,235,2015-01-26,2015-01-11,91,197,S,583,1950.68,24,9277.41,66.55,3885.52
6,3,376,124,2014-02-10,2013-06-05,135,181,S,727,775.09,13,3839.04,552.8,5915.45
7,10,328,44,2014-02-07,2016-07-29,105,11,S,679,4081.01,37,8618.58,770.8,6790.84
8,54,325,629,2013-10-23,2014-07-01,56,56,M,80,1852.75,6,2961.56,871.17,4732.12
9,64,263,357,2014-01-29,2015-01-18,184,25,S,777,295.73,41,9975.19,410.59,3029.9
10,87,236,607,2015-08-10,2014-06-25,71,200,XL,881,2036.81,22,8045.06,628.18,5774.81
11,63,191,132,2016-08-12,2015-04-22,40,203,S,454,2308.12,3,3785.4,204.46,1429.94
12,56,291,159,2016-04-07,2016-05-31,7,143,L,172,1004.38,54,3728.68,366.09,4800.93
13,15,262,96,2015-10-29,2014-02-20,35,146,XL,914,3844.28,36,2941.81,289.27,5884.16
14,33,2,572,2013-06-05,2014-12-17,124,97,S,359,4187.69,63,8397.44,835.95,3892.02
15,82,287,406,2013-06-24,2015-02-20,148,175,L,622,4001.01,23,2246.24,736.35,4473.1
16,42,58,453,2016-09-08,2016-12-29,35,57,S,776,1737.73,58,1595.86,908.54,144.2
17,28,367,586,2015-07-14,2013-08-18,1,64,S,936,3283.55,59,1490.8,261.31,1474.3
18,56,287,658,2016-07-22,2015-06-14,121,209,S,565,39.27,46,3340.08,540.07,2215.25
19,48,275,514,2013-09-30,2013-12-31,84,45,M,191,1602.83,55,8353.76,718.09,8016.07
20,1,25,182,2013-11-15,2015-06-25,167,173,M,905,888.19,30,7910.58,59.5,9966.05
21,35,314,195,2013-03-04,2016-04-19,76,87,S,290,3033.09,41,9022.18,658.25,4022.56
22,73,135,57,2013-04-03,2015-08-25,37,81,S,565,3395.09,13,7549.92,978.39,9127.91
23,68,221,215,2014-05-16,2014-05-06,54,156,S,919,4158.08,33,6902.93,872.21,8585.43
24,51,382,399,2016-06-18,2016-02-26,186,51,S,589,4703.94,56,3509.72,970.54,4039.21
25,82,78,336,2014-09-08,2013-01-21,74,188,L,92,882.1,52,3491.58,511.27,4642.07
26,19,19,15,2016-01-16,2014-04-20,87,191,S,180,1272.34,20,7524.26,511.38,4492.06
27,70,182,366,2016-08-05,2014-01-05,105,201,XL,873,4322.05,67,5496.06,188.04,5518.57
28,39,342,499,2013-12-13,2016-10-21,185,153,S,275,2345.98,42,2067.02,541.87,4039.17
29,75,115,292,2013-06-21,2014-05-16,76,179,S,627,235.36,24,7558.07,67.43,7319.82
30,13,347,61,2014-12-22,2016-10-31,147,88,M,726,4852.25,5,1347.37,170.32,7499.71
31,50,122,13,2015-08-26,2016-02-27,136,156,S,245,352.08,52,1279.2,928.84,811.24
32,46,144,372,2014-06-16,2013-05-12,187,146,S,534,4941.47,50,8124.53,118.31,3203.51
33,34,65,351,2014-12-30,2016-10-10,94,162,S,944,3020.54,21,9972.77,175.67,1210.74
34,79,13,637,2016-06-14,2014-02-27,33,168,XL,120,2415.91,49,3946.7,108.23,5689.84
35,67,348,192,2016-02-18,2015-05-01,122,57,M,802,1341.29,58,9881.04,821.63,9617.69
36,82,235,267,2014-06-26,2015-03-14,103,86,S,337,2340.28,1,1767.22,423.91,5779.05
37,61,289,428,2014-10-15,2013-01-20,108,189,M,590,2957.18,23,5772.38,990.1,9239.65
38,20,255,332,2015-11-03,2014-03-21,29,159,M,636,3075.27,55,5347.9,787.11,2821.82
39,71,256,396,2013-10-05,2016-05-07,12,141,L,73,3888.72,16,5209.07,842.04,809.85
40,88,40,211,2013-11-07,2014-03-06,57,135,S,180,4185.29,37,1125.57,510.4,1926.51
41,88,27,128,2014-09-20,2015-05-29,27,118,S,495,2406.02,63,5279.05,925.05,4066.06
42,50,75,188,2015-01-04,2015-08-13,162,8,S,614,862.34,61,1162.07,142.17,324.93
43,77,268,163,2013-06-30,2013-07-20,72,163,L,746,23.93,45,4681.9,830.71,3993.31
44,65,33,353,2016-10-21,2013-12-03,98,98,X,50,4556.29,45,5712.56,313.71,3240.42
45,36,352,652,2016-09-08,2016-04-08,143,182,L,180,4052.44,62,1802.57,380.68,2115.5
46,89,307,606,2014-03-21,2013-02-01,58,22,M,640,4373.28,64,9768.14,603.33,8408.35
47,39,206,548,2015-03-30,2016-03-03,76,122,S,957,4842.33,13,295.97,984.56,9846.94
48,66,4,292,2013-06-08,2016-05-26,8,62,M,996,2930.85,6,1214.21,154.86,2892.36
49,13,250,239,2015-10-25,2016-03-17,145,67,S,685,3023.64,18,9927.12,844.37,7813.54
50,57,227,382,2014-09-18,2013-09-01,7,193,S,444,829.02,42,7109.84,71.45,4573.04
51,15,300,111,2013-07-27,2016-11-12,76,6,X,584,2925.79,12,2670.53,943.93,3813.93
52,41,22,153,2013-05-17,2016-02-01,179,190,M,631,1628.54,26,1650.29,963.32,1728.21
53,52,40,30,2014-06-20,2016-07-03,194,104,S,712,1533.49,5,8123.56,54.45,8645.27
54,35,196,387,2016-05-10,2015-11-01,202,157,S,873,2239.97,19,9477.83,971.51,1084.15
55,19,127,323,2013-04-19,2013-06-12,190,64,S,413,3002.2,60,7352.72,855.28,7236.15
56,9,87,453,2013-08-25,2015-02-11,16,194,X,415,1558.31,19,3103.19,353.46,5059.15
57,59,275,4,2015-10-07,2014-01-10,201,126,S,368,2449.78,3,8102.71,333.49,2564.07
58,63,385,456,2016-02-05,2013-05-28,58,199,S,772,672.16,56,5857.26,279.2,2373.86
59,61,91,433,2013-07-15,2016-10-26,94,184,S,300,939.72,64,2353.81,335.13,7747.33
60,29,285,415,2013-03-21,2013-08-21,39,172,X,463,817.21,55,2498.49,455.42,7949.33
61,81,124,243,2013-11-08,2013-06-02,114,164,X,348,1974.99,19,6285.09,850.01,6976.1
62,56,112,518,2016-04-24,2016-03-09,69,183,X,220,2391.27,33,7586.28,806.93,5450.61
63,10,216,206,2014-08-08,2015-09-20,79,148,X,981,181.39,67,2249.89,506.9,487.51
64,31,312,294,2016-06-09,2014-04-02,115,55,X,537,2939.83,29,3805.79,863.37,2977.38
65,72,300,293,2016-08-29,2016-08-04,34,12,L,937,3655.69,32,8432.2,929.25,4981.71
66,58,337,306,2014-01-25,2016-05-04,149,155,S,668,1318.11,2,8849.76,671.13,271.15
67,37,45,642,2013-08-05,2014-10-02,29,120,S,187,2849.78,11,6799.69,651.18,6212.04
68,87,308,68,2013-01-27,2016-03-08,115,3,M,770,1075.83,45,4411.25,95.21,3595.39
69,58,81,609,2016-07-19,2016-05-13,138,74,S,141,1305.65,63,2560.9,890.09,1951.48
70,45,387,211,2013-01-02,2013-08-24,107,143,M,952,1484.94,27,8996.23,299.37,6782.77
71,71,119,302,2015-01-03,2016-07-25,190,2,S,226,3083.83,15,2460.67,99.11,6327.86
72,34,239,108,2013-03-25,2016-08-09,166,93,L,347,4297.74,3,1353.03,232.47,2260.78
73,17,307,132,2016-10-26,2015-07-28,112,125,S,351,4322.4,33,8842.62,63.66,4929.68
74,58,74,368,2015-07-14,2013-10-02,19,33,M,330,200.93,14,7859.13,61.34,8227.05
75,58,97,250,2015-12-24,2015-05-07,189,25,X,610,666.12,44,3959.94,695.26,1088.72
76,8,281,40,2016-09-06,2016-06-04,141,198,M,62,4661.19,56,5184.57,488.3,8522.78
77,29,175,633,2014-11-08,2013-03-30,87,110,S,211,3275.7,61,5558.18,772.86,1291.23
78,3,76,193,2015-04-02,2016-07-20,24,9,S,870,4249.68,7,6345.42,577.07,6639.8
79,14,209,381,2013-08-21,2016-05-06,79,43,L,443,846.28,28,4089.06,532.08,7782.81
80,8,375,386,2016-11-11,2013-08-16,143,36,L,376,3673.66,14,2977.17,979.48,2857.51
81,12,390,431,2013-12-16,2015-07-13,24,138,S,292,2148.62,25,1953.92,994.97,3035.32
82,62,274,313,2014-01-02,2015-03-27,57,36,M,987,3516.18,58,7801.21,490.15,6384.65
83,19,353,261,2013-08-04,2015-01-22,125,54,L,916,1081.45,21,6916.08,378.27,6640.91
84,94,383,244,2016-12-29,2016-11-01,23,123,S,106,1063.46,15,5585.49,523.17,7394.01
85,3,9,164,2013-09-28,2014-07-19,115,175,S,842,410.85,22,9074.29,703.31,9583.78
86,55,123,429,2016-05-15,2013-03-02,17,197,S,753,2388.02,56,1457.71,86.29,9120.1
87,23,381,579,2016-08-04,2016-06-26,198,109,S,886,2967.38,54,5166.7,56.96,7378.25
88,19,365,6,2013-01-09,2013-09-04,9,192,S,312,3800.47,9,5131.55,910.51,4207.29
89,17,227,488,2013-05-11,2013-08-16,70,120,M,72,1877.07,50,4951.27,272.52,2577.51
90,28,12,269,2016-10-29,2016-06-26,204,170,X,431,2243.62,29,9954.88,910.93,4238.04
91,53,16,171,2015-12-04,2015-06-28,23,78,S,686,4419.99,51,2540.26,333.48,8908.73
92,73,56,361,2015-03-14,2016-02-02,46,132,S,963,379.65,42,8501.37,447.14,2729.91
93,12,332,463,2014-01-11,2013-11-22,2,195,S,831,1503.59,9,7420.34,973.03,4909.36
94,56,299,411,2015-03-24,2016-02-29,147,197,S,934,3285.21,31,780.69,593.92,3946.78
95,44,163,579,2015-08-03,2013-12-28,64,190,S,141,3756.68,24,2887.46,210.26,6074.0
96,84,85,407,2014-09-15,2014-02-18,188,25,X,29,1290.71,51,9876.56,970.86,5319.01
97,7,2,659,2016-11-05,2016-07-24,99,186,S,170,1868.76,63,7910.0,498.86,3416.45
98,37,268,69,2014-11-13,2013-07-12,158,62,S,583,3392.16,30,9288.14,195.19,3921.48
99,80,179,424,2015-01-05,2014-07-20,109,91,S,896,4435.38,39,7569.26,56.72,4277.73
100,62,102,158,2016-05-14,2015-04-16,59,87,M,254,2388.09,37,3956.82,497.5,3902.73
101,19,347,189,2013-06-02,2016-05-29,164,48,L,565,328.92,1,3466.23,936.72,9799.86
102,10,26,194,2015-06-06,2015-02-14,67,143,S,83,1579.54,1,8561.05,776.26,1922.78
103,27,178,466,2013-09-29,2013-08-13,103,81,S,406,2960.76,7,3334.6,312.36,6387.25
104,16,3,567,2014-03-04,2014-12-12,129,150,S,263,986.61,23,9312.89,77.69,7066.65
105,87,175,54,2013-02-14,2014-12-04,152,177,S,228,865.68,25,8690.66,948.53,2097.36
106,93,41,650,2013-01-25,2016-09-20,150,94,S,455,1566.74,22,4717.15,697.3,9226.55
107,18,295,70,2016-05-25,2015-11-21,205,147,S,392,1991.65,21,9315.45,301.94,3529.64
108,52,294,145,2016-11-18,2013-10-07,153,102,L,959,4445.59,31,8181.59,186.96,3010.06
109,58,345,342,2014-06-19,2014-09-09,31,17,S,86,2003.41,58,7833.75,215.36,4308.55
110,39,140,446,2016-12-14,2015-11-09,122,124,M,721,3178.49,65,834.06,378.05,6906.36
111,63,53,416,2013-03-10,2015-09-30,176,195,S,868,3583.4,29,7877.18,135.91,5315.63
112,88,101,487,2014-08-18,2013-08-11,203,27,L,738,2960.1,12,449.33,530.23,480.86
113,91,171,485,2013-06-01,2013-04-17,69,209,M,241,1838.77,35,5609.44,465.77,8093.55
114,69,292,431,2015-02-09,2014-04-24,105,132,M,543,4803.22,32,2675.63,292.8,710.03
115,31,371,648,2014-06-23,2014-03-02,197,35,L,902,1498.0,7,8583.24,762.8,6291.15
116,62,228,38,2014-05-24,2015-07-11,89,196,L,956,1290.81,8,8603.03,155.43,3436.65
117,75,174,179,2013-12-31,2015-12-18,19,189,S,851,4279.25,21,8257.17,653.71,4094.0
118,26,98,184,2016-03-21,2015-11-19,195,118,S,662,2851.25,53,9329.96,263.89,1435.73
119,44,186,341,2013-08-10,2016-03-15,43,145,S,301,615.99,14,4369.69,732.62,4268.0
120,48,311,301,2016-03-06,2014-12-15,137,9,XL,350,1913.59,41,2935.15,134.41,8022.09
121,58,336,380,2013-10-07,2014-05-13,68,144,M,478,2217.1,21,2648.05,399.24,2221.79
122,7,119,504,2013-02-13,2015-10-07,147,105,S,804,732.21,20,4314.32,683.15,7596.72
123,20,90,447,2014-12-05,2015-04-04,167,142,S,675,3281.75,37,1183.5,255.22,4745.48
124,25,381,578,2013-09-15,2013-10-29,7,161,S,120,2834.01,33,9709.66,82.39,8620.93
125,27,66,414,2013-12-30,2014-06-24,118,57,S,605,2548.74,42,5310.68,65.65,6317.31
126,34,275,363,2013-08-22,2015-12-19,114,107,M,784,4934.47,7,2555.81,507.61,7622.07
127,80,114,636,2016-02-15,2014-11-15,101,71,L,668,4469.27,48,8700.08,172.7,4469.04
128,84,232,548,2015-05-16,2014-08-09,57,103,S,635,2999.0,45,921.41,107.94,6104.44
129,32,385,466,2015-06-04,2014-09-27,162,162,S,601,3421.16,62,628.25,987.51,7336.6
130,67,18,629,2013-05-09,2016-07-02,90,98,L,449,3688.6,6,509.81,141.54,4571.36
131,23,69,458,2013-06-27,2015-07-21,88,126,L,623,2367.25,56,6730.34,991.03,6164.01
132,15,369,475,2014-03-28,2015-11-11,88,24,L,14,2904.4,9,9959.32,249.29,7795.55
133,69,202,183,2015-03-30,2014-08-03,189,99,L,785,3359.99,23,731.0,429.33,1564.79
134,67,226,554,2014-08-13,2013-10-18,49,48,M,493,996.25,5,2447.97,205.17,1893.63
135,74,244,151,2016-10-26,2014-07-10,85,14,M,114,1169.61,51,2344.87,346.59,6981.85
136,79,217,377,2014-08-28,2015-02-09,28,195,S,838,1075.42,3,9398.03,465.17,7071.73
137,52,62,246,2015-06-20,2014-05-12,137,194,S,920,119.54,67,5972.71,996.08,2789.16
138,4,158,62,2015-02-23,2014-09-22,49,140,S,595,2294.75,5,6990.4,105.6,7850.92
139,56,137,27,2013-05-16,2015-10-11,197,123,L,17,1919.89,30,1413.88,266.45,4401.62
140,35,317,281,2016-07-30,2013-12-16,180,153,S,407,4431.1,39,1913.82,67.0,2934.46
141,83,184,641,2014-04-27,2014-03-09,135,153,M,644,1397.65,11,366.23,944.98,5657.26
142,81,43,260,2013-06-26,2014-06-24,31,92,S,673,1049.77,12,2328.04,657.27,994.95
143,34,275,652,2015-11-19,2013-12-09,194,162,M,340,1147.64,16,7002.75,744.57,8668.42
144,10,55,526,2013-06-01,2014-06-01,12,125,M,554,2165.44,66,9843.53,210.39,1530.86
145,70,131,602,2014-12-17,2016-12-26,66,115,S,39,2990.39,60,9293.07,295.28,1514.4
146,59,41,400,2013-11-18,2013-03-07,23,126,M,861,2400.59,66,3986.3,473.59,785.44
147,36,268,428,2015-12-19,2015-12-24,50,170,S,922,2506.88,56,4962.24,396.29,2574.83
148,53,325,647,2013-10-01,2013-09-17,198,181,S,76,2637.25,31,2362.7,899.51,4415.56
149,68,39,635,2014-07-18,2016-12-12,167,134,X,560,4320.39,61,7303.93,631.03,3099.48
150,27,100,616,2015-12-29,2014-02-12,120,9,S,958,4138.39,21,4464.87,867.17,2531.56
151,25,312,558,2014-11-20,2015-09-13,161,154,S,422,4537.58,5,3610.16,56.25,4979.99
152,12,243,645,2016-10-30,2015-01-05,11,133,XL,882,2107.23,64,5444.89,775.77,7595.51
153,85,107,547,2016-08-18,2015-08-08,111,91,M,681,1176.67,61,2568.54,222.32,8483.03
154,56,6,211,2016-03-11,2016-10-07,154,16,X,53,2695.27,15,4020.63,934.11,6460.69
155,45,196,645,2016-06-08,2016-04-01,6,206,XL,501,1451.73,32,3797.23,356.58,5928.28
156,20,386,13,2015-05-04,2016-06-28,187,2,L,374,2685.81,59,4307.71,554.87,4728.85
157,77,288,329,2014-11-05,2013-05-23,11,93,XL,752,2208.47,58,8657.46,487.74,5863.21
158,90,282,395,2016-01-06,2016-05-06,160,168,S,650,132.62,2,1005.99,974.48,980.51
159,93,26,469,2015-09-07,2015-02-27,137,23,S,232,2208.21,17,9883.33,832.98,928.12
160,46,106,189,2015-03-25,2013-10-16,149,23,M,973,550.98,69,7396.77,129.91,4948.04
161,9,379,41,2014-06-18,2014-03-24,184,49,M,275,1918.12,32,7633.26,531.57,5129.31
162,72,360,334,2016-04-05,2016-02-28,8,56,S,668,1933.51,51,5710.55,321.18,9634.39
163,3,289,249,2013-10-31,2015-03-08,175,130,S,763,1675.17,3,8560.07,341.72,4690.55
164,91,151,334,2015-11-09,2014-02-16,133,47,S,41,4518.15,21,8795.94,734.34,9106.5
165,75,75,426,2016-09-03,2013-09-15,11,52,S,929,1790.56,3,6106.29,803.03,7178.67
166,57,54,479,2016-12-27,2014-10-22,162,169,M,868,903.32,14,414.76,626.65,3066.95
167,79,203,515,2016-05-28,2013-11-04,9,132,S,483,3197.35,60,5561.03,781.9,9558.89
168,89,97,493,2013-04-03,2015-04-16,177,145,M,920,4662.88,34,8002.42,520.31,4212.4
169,58,250,175,2016-12-04,2016-03-15,112,195,S,259,2022.48,65,5336.41,353.38,7544.18
170,6,332,18,2013-06-23,2016-04-11,192,19,S,63,2919.59,55,5996.04,139.52,9929.45
171,14,183,7,2014-07-23,2014-06-01,120,140,M,383,4539.9,10,2616.44,674.83,1002.25
172,82,219,438,2015-10-03,2015-06-29,151,44,S,772,419.39,63,8190.47,95.35,4688.01
173,75,141,637,2014-01-18,2015-05-19,91,12,M,523,2897.67,62,3451.49,312.15,1721.85
174,79,166,85,2015-03-14,2013-11-11,159,126,S,957,1440.69,63,8637.26,529.44,8982.06
175,47,113,177,2014-09-23,2014-07-03,60,130,L,218,1788.35,20,3448.57,598.95,1415.92
176,56,247,245,2013-05-13,2016-01-09,173,205,L,316,3634.54,31,7665.57,482.14,9143.57
177,11,125,349,2013-03-22,2016-08-20,86,113,S,134,4838.15,21,1980.15,568.19,757.05
178,88,53,591,2015-03-08,2016-04-25,69,22,S,72,2896.39,31,3762.21,60.73,2782.76
179,16,194,469,2013-06-09,2015-08-20,17,60,S,965,3581.7,19,1559.11,287.59,8933.93
180,92,244,512,2016-03-26,2015-08-23,64,205,L,734,4301.24,38,6274.84,171.04,4219.84
181,35,78,17,2015-05-13,2015-12-13,164,102,S,267,1713.94,52,9058.49,790.0,4518.06
182,60,76,53,2013-10-29,2014-02-21,196,150,M,538,1955.29,33,551.58,129.23,1104.27
183,25,24,305,2013-05-03,2014-04-19,81,117,S,277,2158.95,33,8421.24,937.09,5140.9
184,41,37,203,2015-02-15,2015-08-21,12,120,S,295,3926.4,58,4144.38,736.48,9034.15
185,84,44,654,2016-12-08,2016-01-22,116,61,M,77,2266.24,14,4255.23,605.39,9843.01
186,13,178,38,2016-12-03,2013-12-22,45,84,L,371,4787.76,61,1556.11,610.08,9713.19
187,89,294,398,2014-05-20,2015-03-25,204,110,S,782,2689.51,56,6302.81,246.53,4554.39
188,81,170,173,2014-07-27,2015-08-17,70,74,S,10,809.14,56,8706.16,851.55,6304.7
189,78,352,650,2016-01-29,2014-06-25,141,69,L,224,774.86,28,4288.86,773.98,8227.68
190,64,292,614,2014-10-20,2015-09-01,85,137,S,647,3670.55,52,2099.8,89.22,1132.01
191,72,238,401,2014-11-18,2015-05-31,33,208,S,321,1287.77,7,458.24,727.75,6043.63
192,31,259,372,2013-08-15,2016-06-27,79,111,M,401,3782.76,35,3701.49,216.22,8221.21
193,4,210,540,2013-08-01,2016-01-14,210,45,S,282,3253.52,46,4836.7,913.62,2400.39
194,32,155,264,2016-12-03,2014-11-07,22,115,S,47,4620.43,60,7956.92,248.08,3983.73
195,57,218,639,2015-10-19,2013-05-07,132,172,S,681,1085.82,17,4721.87,100.56,4532.21
196,79,118,269,2014-03-25,2014-05-30,114,56,M,376,4085.34,53,4832.31,607.91,8240.26
197,27,120,171,2015-02-07,2016-06-07,30,206,S,798,3482.48,34,671.86,207.2,9761.48
198,94,238,331,2014-10-14,2014-01-19,142,60,XL,970,165.41,32,9539.27,855.74,2543.05
199,11,113,442,2016-05-28,2014-09-26,77,93,L,727,647.45,22,6698.74,165.34,7863.16
200,44,268,436,2013-07-09,2015-01-28,24,178,M,12,1520.59,45,2104.99,428.09,1572.94
201,55,328,623,2016-01-20,2015-05-18,36,141,X,459,817.54,13,6665.96,967.47,3709.82
202,35,191,402,2016-11-09,2013-02-07,171,62,S,366,433.74,23,3514.17,568.51,3984.43
203,86,77,233,2015-10-06,2014-08-16,210,207,S,293,1692.71,70,1480.23,66.67,8880.99
204,93,48,635,2014-03-29,2013-01-02,76,113,S,72,2179.97,55,2101.68,424.19,3062.87
205,3,26,579,2013-05-05,2014-12-14,195,145,M,664,120.55,61,1221.87,313.97,5332.34
206,52,191,575,2016-06-04,2013-06-24,1,113,S,769,462.48,1,9853.19,152.35,7669.17
207,60,306,135,2013-03-11,2013-11-22,111,10,M,620,3696.06,47,6503.86,718.59,1730.63
208,11,341,161,2016-04-03,2016-04-10,101,1,S,496,4631.0,22,6356.14,480.36,5349.09
209,50,87,80,2016-11-13,2015-03-12,103,22,S,444,1203.38,36,7931.27,610.82,1890.72
210,58,102,240,2015-08-11,2016-01-02,155,75,M,33,4601.92,68,2898.87,532.67,187.65
211,26,269,71,2014-10-19,2015-09-30,152,143,S,898,3640.5,66,3804.14,122.51,3576.27
212,59,324,427,2016-07-30,2015-04-18,74,38,S,183,4797.13,39,6737.61,290.63,9668.01
213,23,74,650,2015-04-03,2016-03-23,164,71,S,789,426.82,53,2779.87,476.83,8867.99
214,43,389,314,2014-04-18,2013-05-18,102,185,L,489,3771.87,57,153.52,914.21,8159.24
215,82,138,538,2013-04-23,2014-06-01,65,49,S,44,128.38,7,3278.15,282.75,3140.28
216,12,375,77,2014-04-30,2015-03-27,103,57,S,134,3642.32,26,3925.13,142.55,6883.97
217,49,292,263,2013-08-22,2016-03-18,132,154,M,847,1193.6,2,8133.18,312.94,5901.2
218,42,60,160,2016-10-31,2015-01-05,198,63,S,625,1265.74,61,8287.33,843.68,8103.2
219,45,119,625,2013-08-04,2015-08-03,152,8,S,469,1895.21,42,4111.87,996.98,6913.4
220,19,118,528,2015-06-18,2016-11-01,64,122,M,62,4199.17,68,4503.75,841.87,1692.39
221,70,168,526,2015-02-13,2016-09-08,167,98,S,621,670.42,47,3552.2,851.63,8416.73
222,74,296,170,2013-05-01,2013-01-25,173,194,X,65,2516.42,29,5256.85,725.19,5095.7
223,83,309,509,2015-09-10,2014-04-01,185,173,S,690,3581.57,47,7189.63,191.0,1661.23
224,36,265,311,2015-12-30,2015-01-05,40,27,M,714,3752.55,10,5520.2,348.96,6763.05
225,12,308,266,2016-05-29,2015-07-08,177,158,S,13,3437.47,50,4260.4,302.37,6844.0
226,16,248,178,2013-12-08,2016-05-26,83,12,XL,785,777.03,42,7354.27,950.48,1577.86
227,50,328,581,2015-11-09,2014-06-29,36,3,L,487,53.3,49,7212.14,976.33,2639.44
228,9,265,353,2013-12-10,2014-12-01,149,117,S,312,1298.35,34,253.35,238.28,5956.95
229,45,245,286,2016-02-20,2014-03-24,62,71,S,42,4881.02,5,846.17,501.29,6792.0
230,82,48,480,2016-09-06,2013-04-08,199,5,S,96,1060.49,45,6661.06,656.99,8212.06
231,80,277,527,2015-06-26,2015-08-14,42,154,S,75,1860.94,62,3572.87,114.41,6272.88
232,55,101,400,2014-12-31,2014-02-24,95,172,S,478,642.17,15,5620.07,770.35,175.14
233,18,23,19,2014-12-03,2015-11-28,144,196,M,740,4401.53,45,8639.65,79.18,3292.07
234,38,261,210,2013-10-31,2015-03-10,137,194,M,766,2685.88,68,2528.38,746.98,9539.63
235,61,220,392,2013-12-12,2016-09-14,157,133,S,380,1182.1,28,2545.89,642.12,4952.09
236,56,130,541,2013-06-04,2015-07-24,195,195,L,449,4272.11,48,1680.76,859.42,2249.62
237,42,30,85,2015-09-06,2014-04-25,185,73,M,95,1463.02,55,6833.0,360.17,4075.68
238,30,73,512,2013-11-16,2013-09-25,200,192,L,184,3834.43,24,8064.14,517.57,3599.53
239,83,140,535,2014-10-21,2014-08-28,87,100,S,322,4203.9,13,1588.14,54.64,7190.03
240,29,302,632,2014-11-28,2015-12-25,189,173,S,140,2268.55,63,8902.28,336.12,7190.51
241,68,152,198,2014-10-15,2016-01-05,91,46,S,805,1388.2,56,9819.66,354.88,9372.13
242,42,220,152,2014-02-05,2016-09-22,109,40,S,262,3670.26,10,5969.87,710.68,1727.85
243,81,167,474,2013-01-07,2015-07-08,98,30,M,875,4383.72,59,9283.48,197.31,7286.92
244,13,12,590,2015-05-29,2016-10-17,181,28,S,262,4790.69,22,7109.84,235.39,9665.86
245,56,103,356,2014-04-15,2016-08-15,156,190,S,463,1246.5,69,819.41,534.33,5327.72
246,88,130,587,2013-02-22,2013-05-20,132,55,L,833,2553.6,17,2174.34,864.25,4087.44
247,2,8,279,2014-04-19,2015-06-13,46,152,S,592,463.96,17,6225.98,688.67,8108.62
248,86,388,523,2016-07-25,2014-06-03,49,44,M,455,2302.32,49,9796.14,811.83,767.88
249,38,218,124,2015-09-03,2013-10-12,174,189,S,899,2673.08,19,1663.41,802.16,6014.46
250,22,17,412,2016-05-30,2013-04-02,63,132,M,272,194.44,65,7860.26,310.57,1434.95
251,3,376,605,2014-06-19,2016-07-10,112,140,XL,567,2733.42,9,5817.58,939.41,7769.3
252,78,85,272,2014-09-20,2016-11-15,119,17,S,891,3571.67,1,5528.51,843.55,5631.01
253,76,101,488,2015-08-15,2015-03-28,5,193,S,946,2403.34,58,8292.39,530.29,8470.36
254,91,146,511,2016-02-23,2013-10-13,123,169,S,618,1309.28,61,786.69,252.91,6576.96
255,37,186,448,2015-08-28,2013-07-26,84,200,M,805,4177.77,13,5447.34,960.17,5724.12
256,73,181,441,2016-02-04,2015-05-29,166,193,L,434,4917.61,14,4651.1,489.44,7024.39
257,25,92,84,2013-05-14,2015-11-27,186,31,S,709,3806.08,53,5963.92,418.4,4189.31
258,46,118,40,2016-09-01,2014-04-24,62,88,S,463,3564.23,41,6191.98,448.94,2148.61
259,33,200,316,2014-11-05,2016-12-18,187,64,M,766,4538.66,50,6261.74,585.8,2416.42
260,93,339,364,2016-08-05,2016-09-15,104,158,S,835,3454.96,36,451.11,370.86,8328.6
261,87,91,484,2014-04-05,2014-01-31,99,184,X,11,3796.4,55,6014.04,687.87,6044.98
262,85,229,344,2015-09-28,2013-01-24,43,98,S,296,741.2,69,9563.52,554.35,9953.51
263,5,190,603,2016-09-07,2014-02-03,56,125,L,305,3770.45,61,937.68,338.75,7596.09
264,76,299,41,2013-11-20,2014-02-04,82,127,M,600,1794.09,34,4553.26,586.5,5506.55
265,23,266,287,2013-05-25,2014-11-02,169,79,M,684,3216.49,8,6030.43,445.06,4356.23
266,50,279,239,2013-03-27,2013-12-03,112,9,M,877,2756.4,18,4434.03,558.77,2291.13
267,37,94,398,2015-04-03,2015-02-17,209,92,X,430,2010.29,58,5841.89,175.01,3109.19
268,3,22,99,2014-04-15,2014-08-11,56,156,S,92,2021.05,8,9546.24,299.74,7443.58
269,27,12,118,2015-04-23,2015-12-08,10,52,S,715,530.84,23,2519.24,574.42,2082.17
270,81,293,36,2013-12-28,2016-02-06,14,76,S,94,4461.59,3,412.17,875.78,104.9
271,34,377,428,2015-10-07,2015-01-14,7,11,X,236,3473.56,30,6346.37,221.1,8983.84
272,70,305,571,2015-09-15,2014-04-19,16,11,X,957,1138.23,3,8627.4,466.33,6157.27
273,82,179,380,2014-06-29,2014-11-26,108,117,L,756,3737.02,14,7982.32,312.36,4902.88
274,88,10,287,2013-08-07,2013-04-01,44,112,S,105,937.99,60,1580.64,311.4,697.29
275,29,357,46,2015-08-13,2015-12-04,199,45,S,830,2946.83,25,1374.67,596.55,6431.45
276,58,204,425,2013-01-11,2015-08-03,139,61,S,936,4641.27,59,9070.77,150.07,7538.98
277,27,190,437,2013-10-22,2016-06-06,191,47,S,200,926.26,36,9160.73,322.35,8942.01
278,28,310,433,2014-10-19,2013-08-04,187,54,S,483,3356.26,14,7816.57,988.14,2146.81
279,75,158,585,2013-07-24,2014-01-03,50,178,S,241,2734.46,7,1049.47,606.12,9104.25
280,25,37,532,2015-12-01,2013-12-05,190,16,XL,158,301.07,66,6543.66,360.13,3939.07
281,39,244,15,2015-08-22,2014-04-04,158,44,S,996,464.24,10,7207.21,606.5,7728.5
282,45,375,139,2016-02-26,2016-09-26,139,137,L,710,1303.61,20,4816.43,985.81,6437.09
283,58,338,151,2015-04-25,2013-12-20,70,159,S,436,4457.99,44,3980.71,726.05,6972.72
284,47,3,621,2014-09-03,2015-11-12,205,165,X,977,2164.61,57,8886.79,781.76,5389.9
285,18,76,31,2015-06-06,2014-08-10,7,24,S,854,3857.57,29,9403.64,714.0,9679.28
286,10,299,6,2015-10-22,2014-09-08,155,48,S,316,1681.68,23,915.21,537.36,1174.39
287,6,263,207,2014-12-31,2016-05-29,129,114,M,591,2664.51,41,2959.45,398.4,9702.71
288,45,107,650,2013-12-07,2015-10-23,107,13,S,186,1925.24,55,5030.15,940.69,4154.96
289,84,235,321,2014-04-22,2015-12-09,186,197,S,835,2032.47,45,3468.67,61.25,1504.17
290,19,247,540,2013-07-26,2016-09-12,206,147,S,760,161.01,34,1891.83,813.46,4176.45
291,22,300,432,2014-07-23,2015-12-10,154,159,X,207,1869.63,52,6955.66,610.15,8767.67
292,59,89,496,2016-07-13,2016-09-11,4,135,S,133,587.86,37,1985.03,719.63,3399.6
293,56,365,608,2015-08-30,2016-10-12,68,128,M,715,2743.38,44,9766.42,499.36,4348.15
294,70,348,514,2016-12-09,2015-04-17,207,160,M,32,4870.37,63,623.29,576.25,2113.94
295,35,119,131,2015-05-24,2016-09-24,101,14,X,627,3557.18,30,3006.54,713.16,4742.46
296,34,113,100,2014-05-08,2014-09-29,191,106,S,102,3701.99,42,4261.24,477.33,2009.06
297,85,219,99,2016-06-03,2016-03-22,92,182,S,523,2020.28,41,9628.83,910.5,4304.32
298,5,231,529,2014-11-19,2015-06-27,151,99,S,138,4368.66,58,2177.15,621.87,7441.1
299,17,10,498,2013-05-24,2014-06-29,38,17,S,860,3818.63,53,8198.25,729.17,8058.59
300,67,163,396,2016-11-04,2013-08-11,102,134,S,98,2971.79,19,7386.61,300.85,7982.08
301,75,62,560,2016-07-14,2013-09-03,1,164,S,236,4461.84,39,3249.52,698.85,6300.88
302,42,267,331,2016-05-12,2013-08-21,160,21,XL,558,136.52,41,1249.08,470.42,5823.75
303,69,103,336,2015-12-10,2014-10-22,167,130,M,239,2271.38,34,3210.02,253.59,5841.0
304,4,56,586,2014-04-07,2014-02-14,88,190,S,900,3204.61,26,5333.67,298.98,4419.85
305,67,355,28,2014-04-03,2014-06-27,117,31,XL,271,2055.0,42,2816.91,547.51,9052.46
306,61,274,631,2015-03-01,2015-03-24,42,183,L,187,2736.83,68,7960.18,301.12,9568.91
307,21,257,293,2014-01-10,2015-06-24,43,182,M,597,4847.16,17,8527.35,882.33,9342.76
308,41,194,4,2013-06-19,2013-07-19,22,80,XL,166,3099.48,67,4251.39,526.07,2403.81
309,81,248,466,2013-08-09,2013-02-25,168,67,M,650,1057.18,8,6019.25,732.56,4951.92
310,69,336,356,2015-02-24,2016-06-11,115,193,S,357,4874.19,37,2161.14,150.08,4555.95
311,20,128,416,2016-11-03,2014-04-22,143,24,M,183,4071.03,50,6428.94,806.0,6133.95
312,71,213,242,2014-09-27,2016-08-09,57,147,S,534,4860.87,31,899.75,625.55,3037.5
313,78,261,366,2013-02-25,2013-05-22,80,3,XL,73,4943.69,46,5335.74,499.76,2997.36
314,91,73,445,2013-08-31,2015-12-22,27,130,S,351,1532.75,23,2293.94,869.65,8815.99
315,33,231,269,2015-01-29,2016-07-24,107,123,S,765,4196.81,53,8894.4,170.61,1618.22
316,75,345,336,2015-09-30,2016-05-28,164,122,S,784,1468.52,61,8975.84,518.49,1276.17
317,22,370,512,2013-10-18,2015-10-01,130,94,M,350,2319.56,64,227.56,261.61,9385.62
318,84,103,439,2014-06-02,2016-01-27,157,183,S,649,1880.53,57,1500.07,749.05,6988.16
319,20,82,212,2015-08-04,2014-01-21,124,120,S,274,3077.15,41,8741.33,855.4,861.03
320,5,298,428,2015-09-04,2013-11-13,43,145,M,189,3631.02,35,4037.39,906.83,9274.33
321,4,104,594,2016-06-28,2014-06-05,6,61,S,37,3049.62,37,895.67,911.33,2081.09
322,21,205,393,2015-10-17,2015-03-31,13,120,S,855,887.61,30,8366.42,194.89,6684.39
323,38,59,431,2015-04-04,2016-09-20,178,7,XL,855,2094.49,60,1295.1,448.91,8050.71
324,12,211,69,2015-09-28,2014-09-25,110,148,S,571,1116.5,68,9513.14,287.98,9719.76
325,75,66,640,2014-02-06,2015-05-29,170,119,S,444,3931.07,64,5845.15,191.44,8802.71
326,85,120,588,2015-05-18,2014-03-07,94,51,S,134,4496.33,52,9885.04,906.38,4679.27
327,31,77,537,2016-10-01,2016-02-16,125,205,X,517,77.5,53,6271.7,504.28,2588.09
328,58,82,251,2014-03-16,2014-02-23,74,129,X,76,646.55,36,3616.53,144.54,4803.77
329,64,167,537,2015-11-04,2015-02-03,152,85,S,832,1154.49,48,4899.5,206.74,6326.53
330,33,184,227,2014-07-14,2015-08-25,76,84,M,411,2568.57,69,4249.95,710.27,2672.88
331,48,106,123,2016-01-03,2013-03-08,84,49,M,195,3077.27,42,1240.24,489.87,7297.02
332,87,206,358,2014-05-21,2016-04-22,206,27,M,634,3397.77,26,3689.01,609.75,5772.07
333,72,262,580,2015-09-11,2015-03-13,37,65,S,107,3660.26,11,549.37,473.2,4553.13
334,23,322,109,2013-08-07,2013-08-28,205,99,S,655,529.24,56,736.41,431.96,7391.83
335,89,285,49,2016-02-26,2016-02-15,183,136,M,264,1768.78,35,2863.79,982.77,7644.12
336,67,281,584,2015-06-16,2015-04-03,176,50,L,152,4495.39,45,8787.15,859.73,2362.07
337,8,245,524,2015-05-27,2014-12-09,154,8,S,514,689.93,6,3003.0,883.29,2906.64
338,26,182,92,2014-02-19,2015-10-17,22,147,M,953,3150.56,35,4709.8,950.78,9980.06
339,83,300,306,2014-05-16,2016-12-14,119,142,X,259,1486.74,12,4229.21,739.6,9796.14
340,75,361,52,2015-11-03,2014-07-06,202,94,M,619,3455.15,6,1168.09,593.64,1794.04
341,93,156,578,2014-03-31,2013-04-23,145,47,M,76,2038.63,14,4959.04,964.72,7131.69
342,22,294,194,2016-11-14,2015-08-29,124,70,S,735,3538.93,56,272.95,143.34,7430.21
343,48,218,416,2014-08-22,2013-02-18,67,165,S,397,3590.14,65,5410.22,654.62,8468.81
344,53,322,253,2014-08-31,2015-11-05,164,182,S,714,667.91,59,6923.29,356.57,235.14
345,37,45,140,2014-05-25,2013-08-16,11,48,M,811,635.5,25,7950.92,933.42,6239.48
346,53,339,297,2013-04-01,2015-04-26,128,33,M,502,176.75,6,2384.42,506.77,918.66
347,61,371,87,2014-01-23,2016-09-28,204,192,S,601,1629.02,17,9934.63,505.53,2977.22
348,25,248,148,2015-11-11,2014-12-27,103,162,S,754,130.69,60,9971.58,982.43,3224.74
349,15,134,505,2016-11-13,2016-04-14,52,17,S,41,4771.69,62,8826.4,347.74,2789.12
350,2,361,263,2015-02-13,2016-12-16,184,182,S,119,513.62,49,4954.4,146.13,6826.31
351,32,304,286,2015-01-08,2015-10-29,204,158,S,260,4478.03,10,6503.04,116.82,5832.54
352,83,200,466,2015-06-24,2014-04-04,129,210,M,742,2972.86,56,2922.91,873.56,6584.87
353,51,170,559,2015-12-22,2014-10-06,17,93,M,635,4375.89,20,956.3,745.89,6543.34
354,86,167,358,2016-02-29,2014-01-24,71,4,M,137,1889.97,53,4798.13,648.82,4020.95
355,34,170,112,2014-09-15,2015-01-08,7,58,XL,597,1099.27,23,975.0,914.67,3499.72
356,7,1,648,2013-02-23,2014-07-22,68,69,M,100,2856.51,38,8393.9,693.64,4647.03
357,92,77,575,2014-05-21,2015-04-26,115,66,S,125,2546.86,50,1141.27,665.65,7217.13
358,41,123,419,2016-05-12,2013-10-03,122,152,S,238,2240.9,61,2246.05,770.4,7033.92
359,86,283,175,2015-10-26,2015-01-20,94,167,L,776,1807.65,47,7512.21,84.38,4514.42
360,77,82,619,2013-04-01,2015-12-11,100,24,S,534,3844.02,44,2179.26,366.73,730.36
361,22,283,314,2014-04-07,2016-01-14,114,8,L,638,1269.58,17,8217.0,145.93,1678.11
362,37,350,39,2014-01-06,2015-11-19,61,152,L,540,792.66,52,2618.79,891.9,1352.79
363,28,122,398,2016-10-17,2014-05-26,191,4,S,564,90.61,1,5785.64,180.4,6423.15
364,2,221,239,2016-07-25,2016-09-24,100,116,S,374,4156.75,7,6675.26,195.01,2869.74
365,14,278,239,2015-01-16,2015-09-23,127,121,S,789,75.06,22,621.75,462.04,6674.75
366,25,64,481,2015-08-12,2015-10-15,69,94,X,52,2711.32,55,7426.72,282.45,2650.53
367,60,132,390,2014-11-29,2013-12-18,209,50,M,315,2709.54,27,4551.9,62.07,5318.57
368,43,270,477,2014-11-27,2013-04-23,157,195,L,373,4295.66,51,7197.93,92.31,4882.62
369,30,235,581,2013-08-12,2014-05-23,164,187,L,29,4264.23,35,8124.44,303.11,765.37
370,11,158,624,2015-07-04,2015-10-06,108,67,M,468,3042.15,9,7628.83,687.96,4570.38
371,2,269,590,2015-03-10,2014-11-22,8,88,XL,215,2500.67,35,2664.21,203.51,5016.47
372,16,375,92,2015-08-25,2014-03-04,147,55,S,462,406.87,33,6303.94,381.46,461.3
373,37,302,622,2015-04-17,2013-01-16,197,182,S,841,814.45,38,4740.27,782.52,6944.47
374,64,317,640,2013-07-10,2013-05-22,104,60,S,716,3592.75,17,9749.47,87.21,2362.89
375,78,261,553,2015-02-22,2014-09-24,200,175,S,187,2458.79,54,8140.14,204.16,6804.83
376,6,375,219,2013-11-18,2013-02-01,155,78,S,671,3842.39,49,9287.35,529.49,2645.83
377,2,118,470,2013-05-10,2015-01-19,66,9,M,114,3968.9,61,5026.0,161.39,4680.73
378,47,71,580,2013-05-13,2013-07-22,4,11,S,434,4377.32,68,1793.81,179.53,6923.29
379,53,291,23,2013-07-01,2015-08-14,160,154,S,269,2166.62,58,3679.04,998.38,8900.03
380,25,63,325,2014-07-30,2014-07-08,128,75,S,215,4343.69,35,6468.86,699.08,4018.84
381,79,277,604,2013-06-09,2014-02-01,162,79,S,366,2006.13,20,1052.23,962.31,9953.06
382,25,261,550,2015-02-21,2013-07-02,83,198,S,178,3043.34,19,5549.44,814.28,2486.68
383,71,354,566,2015-10-08,2014-11-08,165,149,S,766,4577.53,3,1622.88,618.72,7228.69
384,32,329,602,2015-06-18,2014-01-28,178,194,X,445,2941.91,50,8695.35,297.84,9015.65
385,64,85,326,2016-02-12,2014-03-29,189,170,S,111,1757.2,55,7127.17,135.25,402.04
386,54,83,339,2014-02-25,2016-06-20,95,109,X,99,1530.94,65,3170.13,212.32,3529.0
387,69,22,306,2016-03-20,2013-07-05,19,184,S,270,3265.64,59,2453.57,939.83,7374.99
388,45,69,4,2016-01-02,2013-10-25,33,151,XL,247,1125.7,58,1863.61,430.32,7416.21
389,31,77,120,2016-10-17,2013-08-24,195,100,S,160,184.62,23,3585.82,472.79,8584.87
390,26,248,186,2015-02-03,2014-01-18,174,31,S,304,4343.93,17,9083.4,284.5,3095.22
391,86,275,106,2013-03-27,2013-06-02,169,79,S,313,4135.13,65,5871.13,550.65,8932.13
392,72,60,623,2016-10-22,2014-06-04,60,103,M,674,4777.24,13,4658.57,97.88,9610.12
393,95,229,624,2016-05-15,2014-01-13,44,135,S,26,1709.32,62,1620.58,731.21,3325.77
394,7,103,287,2014-09-18,2014-02-06,192,164,M,280,1833.14,69,5244.57,562.23,9230.26
395,35,56,4,2016-11-21,2015-09-25,152,2,S,913,1517.48,31,7980.79,602.9,6003.26
396,94,161,590,2013-05-14,2013-12-08,48,45,S,767,2931.37,32,1351.93,986.83,4632.29
397,14,379,383,2013-01-28,2013-06-04,131,101,L,169,4327.58,50,3654.31,815.88,8945.86
398,33,56,620,2016-12-12,2013-10-09,120,92,M,91,2791.77,15,393.98,141.94,4086.57
399,44,339,364,2016-04-27,2016-08-23,103,41,M,123,2299.97,58,6274.67,829.67,3375.03
400,21,178,352,2014-01-02,2013-11-18,210,49,S,849,3999.14,23,7897.32,461.56,6762.35
401,13,278,517,2013-04-18,2016-09-30,106,58,S,733,4522.11,52,5793.43,509.6,9092.41
402,90,292,298,2014-12-30,2016-02-18,189,108,M,678,3297.23,8,4562.47,298.49,3677.63
403,87,281,486,2014-02-16,2013-05-01,87,104,M,265,1088.91,15,6453.44,602.05,3376.49
404,87,75,260,2016-03-28,2014-03-22,210,126,S,343,1840.72,14,5765.4,466.68,345.99
405,49,267,535,2016-02-26,2014-11-20,126,114,S,393,3420.4,31,6603.33,110.56,7491.79
406,19,56,646,2014-02-21,2013-04-06,93,76,M,262,1616.51,33,1559.46,452.02,516.11
407,87,168,437,2014-11-14,2015-12-24,71,6,X,574,249.16,32,7331.63,862.4,9894.63
408,4,7,54,2015-07-08,2013-03-15,208,8,S,206,3953.25,2,253.07,867.21,8342.36
409,20,308,190,2013-05-05,2014-05-04,120,63,S,110,2190.38,4,9388.52,327.37,8935.02
410,50,126,462,2016-02-04,2016-08-09,174,8,S,661,4841.36,31,5752.04,465.84,4435.72
411,61,121,352,2015-02-26,2013-04-01,173,56,M,878,1036.28,45,9580.37,146.66,9328.14
412,59,286,624,2014-07-10,2016-06-09,88,184,L,463,3389.46,28,1069.81,77.35,8505.58
413,76,322,576,2013-09-04,2016-12-21,173,50,S,677,1916.05,7,7299.28,424.97,2260.02
414,40,96,534,2015-03-08,2015-05-26,163,209,XL,489,3696.72,32,516.42,707.36,9463.2
415,80,108,452,2016-01-31,2015-12-11,94,37,S,203,3130.63,24,9607.13,558.27,7460.19
416,81,249,275,2015-03-27,2013-12-02,117,184,X,143,2144.59,54,7276.31,436.98,1789.4
417,22,306,186,2013-05-14,2016-03-02,189,157,S,756,3291.11,49,4631.04,71.1,3399.46
418,59,107,4,2015-09-25,2016-02-13,49,152,S,571,2275.16,40,7236.11,66.38,2640.81
419,60,263,267,2015-07-22,2015-11-12,122,43,S,845,1989.99,43,9042.35,54.08,2889.21
420,70,134,455,2016-12-13,2015-08-11,197,33,L,542,4587.91,28,1337.2,427.46,6396.63
421,76,162,289,2014-02-22,2014-07-19,45,179,S,668,1712.9,51,529.31,122.28,3815.64
422,26,337,55,2015-04-01,2016-07-15,173,164,L,226,334.7,37,4008.4,287.58,2370.58
423,45,349,592,2016-06-20,2015-01-05,125,2,M,696,3281.29,13,6296.46,67.12,721.4
424,15,190,376,2015-12-18,2014-01-11,148,148,L,728,1361.07,20,2318.72,747.15,2924.56
425,82,34,608,2013-01-26,2013-07-15,55,118,S,985,1075.51,57,3848.33,833.61,7237.19
426,67,42,315,2015-07-13,2016-11-21,64,21,M,208,161.04,35,5740.14,554.13,4849.01
427,73,167,77,2016-02-10,2016-09-04,76,131,M,157,2098.49,51,2873.77,281.59,8550.61
428,67,326,223,2015-11-25,2015-04-28,85,63,S,750,2502.78,41,8112.29,337.76,3754.41
429,39,285,157,2014-07-04,2016-11-12,180,15,S,719,4345.23,52,9063.72,59.22,4062.94
430,47,90,151,2014-01-31,2013-01-18,107,14,S,840,3011.96,9,4257.85,289.74,9911.01
431,34,317,14,2014-11-21,2015-11-07,11,201,S,794,3099.19,28,694.76,88.61,6873.7
432,79,165,199,2016-08-09,2015-03-05,27,107,S,367,1598.66,40,4839.72,115.9,630.16
433,75,188,529,2016-07-14,2013-09-05,130,100,S,955,2655.46,28,9482.52,472.45,2026.9
434,56,139,301,2013-08-03,2013-09-02,57,148,X,251,3998.7,46,1622.65,396.67,4012.23
435,51,7,353,2015-01-03,2014-12-09,202,51,L,226,1527.59,5,1467.64,143.51,7223.29
436,72,236,402,2014-02-27,2013-06-18,88,140,X,757,284.41,58,3981.71,814.21,1796.41
437,14,14,81,2014-04-09,2013-08-22,148,165,S,853,3299.12,66,2192.75,420.53,1683.26
438,48,283,643,2016-07-17,2013-12-26,168,79,L,739,2483.59,63,8267.41,591.3,4880.51
439,93,27,69,2015-04-08,2013-06-21,173,74,X,841,4910.67,53,1373.13,596.06,5673.87
440,87,174,398,2014-10-11,2015-08-18,169,31,M,97,3559.31,19,6762.09,455.15,3933.41
441,51,203,338,2016-10-28,2015-03-23,14,101,S,715,2214.66,23,8508.7,490.95,9370.33
442,80,123,644,2014-06-24,2015-03-25,174,50,S,557,4764.05,43,9265.75,759.93,1910.57
443,7,106,21,2016-10-05,2014-01-24,84,94,S,841,835.91,45,9709.07,294.75,5617.55
444,3,251,56,2013-05-17,2015-08-08,166,181,S,155,3504.32,9,3799.05,580.36,5462.44
445,35,289,25,2014-12-17,2014-05-22,35,166,M,227,4653.59,67,1145.34,169.89,7703.68
446,57,217,9,2014-09-07,2014-05-24,51,209,S,1,1524.38,65,770.58,360.63,1561.39
447,94,197,70,2015-12-17,2014-06-08,94,151,S,603,1741.63,38,3178.16,245.8,5199.37
448,92,90,574,2015-04-05,2015-09-27,18,22,S,331,1128.61,62,7908.49,439.05,7944.71
449,83,187,589,2015-01-25,2016-07-18,77,188,M,408,1245.26,59,9500.69,976.87,5794.15
450,34,241,131,2013-05-15,2016-12-13,110,210,S,682,4347.91,64,7715.35,414.19,1034.65
451,14,309,265,2013-01-02,2015-10-23,64,187,M,565,1303.69,3,2607.43,774.67,6738.38
452,39,388,644,2013-05-30,2015-09-18,110,106,XL,926,3034.36,19,4950.62,885.08,7429.73
453,17,273,471,2015-01-31,2014-11-15,48,210,M,515,2551.61,4,4303.69,983.85,2539.35
454,48,124,471,2014-09-07,2016-11-30,54,46,S,530,1775.67,54,6279.15,954.63,8448.32
455,34,187,170,2013-08-02,2014-03-05,23,72,S,48,3723.94,63,9160.08,95.13,286.61
456,48,126,124,2016-12-30,2013-11-08,14,143,S,661,2131.29,49,3851.84,706.75,9824.95
457,53,137,429,2014-05-01,2014-02-01,198,53,M,826,52.82,64,6582.96,523.72,4837.0
458,48,333,75,2014-08-15,2013-09-26,146,194,M,751,176.57,46,7930.39,847.44,5932.03
459,21,59,311,2016-07-08,2014-12-26,72,145,M,168,3244.49,55,7462.39,273.93,7660.04
460,28,372,177,2013-03-19,2016-04-05,95,181,XL,370,910.84,9,6828.87,866.15,9950.61
461,3,76,602,2016-04-21,2013-06-08,71,110,XL,195,1758.03,56,5223.37,558.84,710.97
462,5,222,378,2016-02-28,2016-12-06,179,16,S,945,3119.57,56,5128.26,771.5,8234.0
463,12,302,167,2016-03-13,2014-01-01,116,156,S,945,2727.49,13,4866.76,160.95,3298.06
464,85,155,60,2013-10-09,2013-02-02,102,185,S,276,3616.88,49,2602.38,859.57,1521.31
465,18,206,557,2015-05-10,2016-04-07,186,133,S,998,4168.55,14,5553.65,401.63,4476.93
466,36,30,537,2015-11-17,2015-10-07,110,78,X,963,76.98,70,2116.63,780.71,4486.7
467,67,368,569,2015-04-07,2016-11-27,110,39,S,513,752.64,25,6229.17,224.12,3548.13
468,36,18,60,2016-01-01,2014-10-08,134,124,M,854,2038.66,55,9034.38,400.71,2882.4
469,70,39,382,2013-01-13,2016-08-20,124,168,X,939,3634.75,38,4900.79,917.69,9710.62
470,66,143,84,2014-09-28,2015-03-07,125,24,L,750,4322.19,70,1122.74,212.8,5299.7
471,19,275,196,2015-11-08,2015-05-26,4,198,S,828,2140.43,45,1746.39,101.73,4834.97
472,89,199,126,2013-10-24,2014-09-21,188,20,L,502,2726.37,20,4340.36,496.5,1481.84
473,77,141,559,2015-05-11,2014-05-07,82,102,M,488,1744.78,38,8246.36,930.84,9735.01
474,82,114,130,2014-12-13,2013-09-15,12,87,S,886,1890.54,7,9983.67,63.62,2901.54
475,77,339,124,2014-04-11,2013-07-22,144,65,XL,550,3189.21,38,2193.26,482.83,6446.74
476,40,334,587,2013-02-12,2016-08-03,7,59,M,342,883.0,25,7917.08,57.6,4162.79
477,10,160,615,2016-11-13,2015-04-27,78,121,S,678,1808.95,60,5489.49,452.89,102.53
478,4,5,629,2014-11-21,2016-07-02,106,48,L,628,2829.85,12,2233.25,406.17,3866.33
479,18,153,92,2015-07-26,2014-09-05,105,179,X,263,1973.6,20,2593.94,194.51,3508.68
480,21,233,550,2014-02-17,2013-12-15,66,50,M,107,677.38,28,712.02,741.62,5769.77
481,3,53,448,2013-08-15,2014-03-18,100,120,S,158,3745.19,15,7682.29,104.53,7970.99
482,58,340,227,2014-09-17,2015-08-10,143,22,X,205,4879.55,62,3361.05,519.12,9998.9
483,52,224,246,2015-05-24,2013-01-15,70,66,S,82,308.13,22,3649.13,534.98,9431.8
484,10,310,125,2014-05-23,2014-05-15,155,172,S,73,1118.42,60,1457.65,585.27,8352.66
485,89,328,219,2015-06-25,2015-03-18,6,33,S,102,2550.75,56,1081.67,766.36,1908.02
486,44,365,492,2013-02-14,2014-09-12,2,197,S,238,2993.83,70,2116.68,162.04,6993.17
487,19,71,551,2015-04-13,2014-10-01,100,50,L,659,4791.45,52,5842.64,350.99,6639.24
488,88,248,413,2016-03-01,2015-03-25,190,98,S,691,4441.69,56,8944.84,229.88,1151.44
489,59,121,107,2015-02-09,2015-11-30,196,54,S,26,2530.58,32,2078.17,56.81,673.24
490,66,258,376,2014-02-17,2015-11-07,122,70,S,980,2191.32,11,906.6,674.96,5526.17
491,27,289,156,2016-07-23,2016-03-25,83,187,S,938,2071.68,40,7359.04,289.3,5971.26
492,15,26,252,2016-10-03,2016-12-08,191,197,S,262,958.1,8,6272.59,659.21,5474.31
493,59,180,93,2016-09-23,2015-10-12,197,30,S,17,4481.75,14,7839.55,995.12,7738.63
494,90,66,503,2015-10-31,2014-12-23,39,107,L,56,3692.21,54,9046.73,479.01,2956.35
495,95,182,588,2015-09-23,2016-10-16,203,150,S,529,661.79,21,8523.62,111.66,4112.79
496,51,41,61,2013-03-28,2014-12-10,127,50,L,541,4936.93,58,2797.67,384.57,615.16
497,19,296,547,2013-11-29,2016-09-08,27,144,M,928,2590.28,1,9856.34,369.74,8336.9
498,23,159,272,2014-04-24,2016-11-03,97,31,S,654,1923.21,47,2441.12,63.34,2669.9
499,3,206,376,2015-12-17,2014-08-22,18,47,S,638,4990.25,54,7521.65,278.32,2027.74
500,20,143,303,2015-11-15,2013-06-25,47,133,M,824,822.98,25,3290.48,659.17,1947.96
501,86,237,459,2016-01-21,2015-09-03,70,210,M,811,2332.29,25,3557.51,268.86,7722.26
502,27,192,514,2016-09-22,2016-04-16,179,48,S,764,1328.31,61,8080.02,344.98,8546.46
503,44,385,194,2015-09-23,2015-09-30,134,23,L,327,262.18,1,1843.57,324.03,9182.04
504,17,216,464,2015-01-26,2013-08-21,36,31,S,815,1689.38,1,4383.46,506.81,6777.9
505,15,59,509,2014-04-08,2016-10-07,35,34,S,125,3739.74,33,3470.97,332.02,1684.96
506,85,351,47,2016-11-21,2014-04-14,71,54,S,467,3956.27,3,4872.69,669.4,7791.35
507,65,72,394,2015-04-24,2014-11-07,4,86,S,879,4863.73,60,7024.11,781.53,7477.72
508,68,372,590,2014-10-05,2015-01-03,210,209,S,112,1577.07,29,2403.18,722.31,5946.08
509,53,163,635,2015-06-25,2013-05-13,124,24,S,600,4386.98,40,8149.14,943.84,2298.75
510,92,140,61,2013-04-15,2014-01-03,80,123,S,830,2951.4,4,1738.8,730.47,3830.74
511,66,323,466,2015-07-25,2016-04-20,103,42,S,29,4663.91,39,8867.53,370.75,1696.27
512,34,272,342,2014-08-22,2016-02-22,151,203,S,748,4477.02,30,4782.72,690.43,7912.69
513,93,132,383,2013-01-03,2016-10-04,188,69,L,121,1746.9,26,185.43,866.22,9477.32
514,90,208,387,2013-09-14,2013-12-03,185,90,M,328,1333.79,5,1641.32,65.45,8626.74
515,22,81,457,2016-05-12,2014-02-20,132,164,S,782,640.89,61,3469.85,497.48,7249.02
516,58,333,199,2013-07-08,2013-05-04,129,85,M,376,3388.29,62,4039.57,269.04,6507.83
517,37,277,56,2013-03-03,2014-11-10,86,21,S,905,143.67,15,8976.75,736.38,604.62
518,92,96,517,2015-10-18,2016-01-25,118,92,M,621,498.34,67,8601.48,670.32,8792.0
519,20,154,195,2013-08-28,2014-10-23,163,28,M,179,21.47,13,2987.16,614.94,3149.59
520,81,74,52,2014-04-11,2015-07-21,94,20,L,383,677.65,44,8149.15,267.0,3225.89
521,95,142,527,2015-11-25,2015-09-14,152,99,XL,76,4716.01,2,6520.08,529.49,9375.4
522,65,63,563,2016-04-12,2016-06-02,63,62,M,771,2273.86,15,8912.76,145.11,3272.81
523,50,34,297,2016-01-12,2015-09-25,134,167,S,966,3585.21,15,1328.95,194.35,7463.51
524,75,138,159,2014-12-03,2013-08-05,86,185,S,577,507.43,1,6635.88,609.31,1607.84
525,71,365,277,2016-01-26,2014-10-18,8,33,XL,338,3218.94,49,7474.13,319.0,4733.12
526,78,73,115,2014-08-07,2013-10-27,185,191,XL,322,3279.99,28,2335.69,412.86,4997.76
527,22,86,312,2016-02-17,2015-10-10,22,46,S,441,1108.17,34,4171.22,391.8,1976.46
528,51,64,211,2016-07-05,2013-10-10,143,23,M,39,1968.92,52,8249.44,811.33,4448.97
529,58,153,183,2013-09-17,2015-05-31,170,164,M,331,2670.05,69,2416.28,105.15,3700.97
530,86,387,68,2015-05-02,2014-04-15,171,186,S,575,2990.1,47,2878.82,944.51,789.76
531,35,77,141,2014-08-05,2015-05-10,32,2,M,321,2262.0,64,8315.19,705.73,1379.01
532,85,361,108,2014-01-30,2016-04-10,197,36,S,170,915.01,12,8571.32,828.51,3675.93
533,53,314,546,2014-03-07,2015-03-10,151,172,S,637,4711.87,1,1634.78,768.88,1719.87
534,38,143,275,2016-09-14,2014-12-10,62,80,M,97,4280.22,29,2534.09,215.56,8045.65
535,92,364,642,2013-07-30,2015-02-09,176,110,L,717,2246.18,55,8388.65,497.06,4990.94
536,58,178,542,2016-02-27,2015-10-14,5,192,M,742,463.31,11,365.58,133.6,6110.95
537,10,177,586,2015-09-23,2013-01-16,198,165,S,221,759.61,34,8156.17,68.96,4370.19
538,19,353,150,2016-04-23,2014-04-26,58,156,M,379,1004.33,69,9674.11,546.44,322.76
539,50,109,498,2016-03-08,2016-03-20,152,192,S,243,3614.7,16,1539.2,974.85,4594.56
540,75,260,251,2013-04-07,2016-09-18,14,190,S,341,2412.16,7,8497.55,652.84,9877.34
541,55,148,505,2014-03-04,2014-03-16,99,26,L,838,4150.57,46,3186.63,458.55,6823.11
542,8,232,93,2015-10-06,2016-12-13,168,106,L,717,3115.9,34,9564.33,807.42,9378.37
543,71,290,300,2016-12-21,2016-08-20,18,191,S,505,1765.35,7,1400.99,164.05,3769.54
544,18,42,400,2014-10-24,2014-09-19,7,16,M,125,3916.15,27,7397.92,106.57,5397.56
545,27,384,481,2013-06-24,2016-03-21,17,199,M,430,3770.19,51,5780.92,357.37,440.3
546,85,164,320,2013-09-25,2013-12-05,71,136,L,136,4577.8,29,3402.13,213.95,3856.68
547,80,363,357,2013-04-25,2015-03-16,170,122,S,853,4937.44,29,8960.28,757.25,7167.72
548,21,222,531,2015-08-13,2013-10-31,50,37,S,859,3796.18,40,8497.34,646.02,9354.19
549,61,264,519,2016-11-04,2015-02-20,189,60,S,494,3243.26,14,5563.83,434.59,5704.08
550,6,252,344,2013-05-29,2013-04-10,24,169,L,76,770.35,35,1799.45,863.25,7813.33
551,9,14,582,2015-03-31,2015-09-27,33,104,L,729,627.08,66,7074.56,590.92,7594.57
552,64,32,77,2015-04-29,2015-09-07,102,127,X,746,2612.83,40,1391.54,924.05,4591.98
553,30,283,291,2016-05-05,2015-11-03,177,203,S,181,1214.83,56,7214.25,563.65,6238.41
554,65,272,558,2016-08-24,2014-09-19,155,163,M,581,1338.55,26,7332.5,620.22,1160.27
555,37,114,453,2015-10-07,2015-02-04,46,151,M,184,1137.31,19,725.93,766.1,9787.27
556,74,201,37,2016-10-04,2013-07-16,202,115,S,650,1905.49,29,5113.71,210.56,810.69
557,82,339,480,2016-09-29,2013-02-06,63,130,M,593,162.67,54,7579.72,155.47,220.9
558,37,192,516,2016-03-20,2014-02-23,80,182,M,114,945.04,26,7200.68,968.0,4053.97
559,38,35,31,2013-11-21,2014-12-10,189,202,L,631,4089.23,25,6210.27,64.32,2953.05
560,84,85,552,2013-11-21,2014-10-11,179,87,M,384,3739.89,2,167.69,720.33,8338.51
561,6,340,649,2013-06-26,2013-04-18,182,127,L,177,4405.04,1,1993.26,722.27,9643.77
562,90,236,213,2014-10-14,2013-03-21,89,19,S,93,1563.86,19,3441.23,751.13,9529.29
563,45,53,135,2015-09-10,2014-04-03,58,154,S,289,4043.56,53,4269.92,85.72,2606.6
564,77,163,266,2016-04-18,2014-04-11,91,201,L,25,116.32,42,5330.58,940.5,8169.3
565,16,173,274,2013-05-04,2015-03-12,110,184,S,895,2752.91,59,7534.24,200.69,7412.01
566,62,202,88,2015-12-10,2015-01-31,145,27,S,280,624.01,65,3588.04,431.33,561.84
567,78,59,366,2013-07-11,2014-08-05,174,33,S,98,2305.7,25,8029.19,529.98,814.11
568,20,233,655,2014-02-21,2016-09-10,129,23,L,253,1197.79,30,6099.39,455.9,1807.48
569,12,179,519,2013-07-26,2014-07-19,14,66,S,902,419.6,63,7805.77,601.15,2810.39
570,83,238,467,2016-09-05,2015-02-28,112,207,L,357,3254.86,43,3829.59,855.18,8539.77
571,34,38,174,2016-04-30,2014-12-19,26,82,M,472,4870.24,19,625.99,544.91,2693.37
572,67,27,544,2015-05-23,2015-08-14,204,100,L,419,2683.27,33,9442.22,445.09,2716.41
573,52,282,28,2016-11-08,2015-10-31,15,20,S,973,3133.06,27,8396.23,564.16,5131.23
574,88,242,612,2014-06-17,2014-03-15,9,150,S,323,2145.66,69,8414.77,629.11,9031.89
575,54,95,334,2014-03-08,2016-05-04,2,133,M,205,4690.65,36,189.98,122.35,9734.18
576,65,212,266,2013-10-02,2015-03-08,19,187,X,345,149.26,56,8091.14,827.57,5000.11
577,29,364,141,2013-02-26,2015-02-08,86,100,M,340,4327.86,46,6743.64,498.13,6829.23
578,23,153,42,2016-02-02,2015-11-01,51,119,M,591,110.06,22,8550.36,787.42,1305.0
579,94,82,459,2014-07-14,2015-07-17,122,196,S,78,1789.95,53,7894.95,204.15,7817.66
580,10,233,309,2013-09-08,2016-01-06,172,127,S,866,994.75,9,5008.97,782.56,8860.29
581,57,347,392,2016-01-12,2013-03-24,109,50,M,513,1102.8,40,7277.84,558.36,6968.06
582,8,382,240,2013-01-28,2015-07-15,177,22,S,504,4732.14,52,6222.78,488.01,9238.78
583,90,46,54,2014-12-13,2015-02-14,24,65,S,21,4723.92,7,8910.27,123.58,1373.8
584,38,43,481,2016-06-04,2015-08-04,210,88,S,717,4071.85,18,760.08,188.59,9262.85
585,61,6,280,2013-11-27,2014-04-21,63,117,XL,856,1218.74,4,494.63,260.58,7460.42
586,57,196,11,2013-05-11,2014-03-09,154,13,S,478,947.69,44,602.85,491.76,7700.57
587,92,193,290,2013-05-28,2014-05-24,36,163,S,23,294.89,69,3371.86,390.42,8255.43
588,78,217,507,2015-02-13,2014-05-25,186,9,S,393,3657.34,30,1809.45,682.42,209.7
589,83,29,233,2016-11-28,2015-09-19,17,196,S,481,3520.13,49,7638.91,945.43,4681.94
590,89,242,121,2014-11-20,2013-10-23,119,189,S,684,413.47,59,133.96,648.54,7506.84
591,85,185,531,2013-03-01,2015-06-09,15,64,L,987,1882.88,47,633.4,423.65,3223.47
592,6,208,35,2013-04-05,2016-10-13,146,160,S,104,3626.68,21,2606.61,850.7,4742.7
593,82,196,318,2014-07-01,2015-08-19,135,138,S,99,4937.56,11,3946.83,501.84,7638.72
594,4,224,119,2016-05-12,2015-10-16,49,131,M,691,2324.9,33,1603.36,868.82,4785.24
595,66,325,185,2015-05-24,2014-07-04,106,195,S,555,67.89,61,7296.29,107.71,254.86
596,28,15,333,2016-09-25,2016-09-20,36,29,S,169,860.73,64,8082.58,77.76,3535.29
597,57,362,579,2013-12-22,2015-03-11,33,47,M,793,2235.39,6,1986.09,324.53,5577.14
598,76,69,77,2016-12-11,2016-07-21,10,163,L,189,4973.74,41,7566.12,579.38,9610.85
599,73,190,72,2016-07-01,2016-01-03,81,96,XL,284,2002.24,42,2949.57,411.16,3160.96
600,1,35,274,2016-07-20,2013-06-27,31,62,L,691,1700.8,39,8383.86,879.97,7679.05
601,68,341,37,2016-01-16,2013-11-24,177,69,S,179,1995.4,60,177.6,138.97,744.87
602,94,323,11,2014-06-30,2015-07-24,109,209,L,323,3062.77,1,8782.39,53.93,4323.88
603,86,200,647,2013-02-24,2015-05-16,181,150,S,515,819.63,30,4014.56,89.55,4085.16
604,52,300,617,2014-04-05,2015-05-20,57,189,S,933,4768.04,6,2115.03,121.73,8059.93
605,64,374,488,2014-05-01,2015-06-21,79,187,S,513,1268.44,26,6982.31,714.59,4172.24
606,81,387,80,2014-04-11,2016-10-09,70,110,M,678,1294.37,47,9142.45,517.04,9637.66
607,44,80,623,2015-09-05,2016-04-04,38,178,S,13,4346.36,11,4657.95,658.46,7449.01
608,78,363,435,2016-10-06,2015-02-17,150,194,S,143,4597.86,46,9358.05,744.96,6410.44
609,20,352,23,2013-07-26,2016-02-07,178,149,XL,651,3918.14,70,5445.04,478.46,6398.46
610,73,292,610,2015-10-26,2016-07-21,177,142,L,501,4479.55,17,8913.92,837.86,984.26
611,67,388,183,2014-02-10,2016-03-06,69,182,M,629,2376.82,3,3328.98,572.75,4321.82
612,20,195,180,2016-06-26,2015-12-02,53,189,S,657,2868.16,43,2865.86,555.02,8129.58
613,63,206,459,2013-10-15,2014-06-28,101,63,M,253,619.05,1,7906.45,53.36,1073.93
614,30,161,591,2014-05-25,2016-09-18,66,184,S,3,3396.82,19,4468.35,955.65,7812.01
615,24,98,16,2016-03-25,2015-06-21,203,27,M,839,2264.46,50,1777.88,165.17,7507.6
616,32,160,375,2016-04-25,2016-11-24,141,117,S,103,745.87,19,949.1,991.11,1542.51
617,76,107,172,2014-01-12,2013-12-10,190,110,S,290,3264.03,41,1760.21,822.91,2840.44
618,18,340,203,2015-10-18,2015-06-22,9,195,S,849,3887.47,56,5508.58,310.4,1271.61
619,17,306,25,2013-04-14,2015-10-26,133,120,S,25,2428.07,2,5270.78,552.08,3359.72
620,70,363,82,2013-04-19,2013-04-16,48,205,L,484,1699.42,51,5484.77,505.02,7456.11
621,15,254,271,2016-07-19,2013-11-01,4,6,M,62,559.7,29,1136.82,534.22,6278.93
622,93,381,176,2013-10-03,2014-02-03,16,36,X,582,2287.75,38,9291.22,580.16,9210.6
623,87,104,474,2015-12-13,2013-11-20,145,118,M,528,4761.26,41,5620.11,367.3,6505.29
624,51,341,446,2015-12-27,2013-10-21,137,34,XL,409,4652.62,33,3433.22,627.67,8315.69
625,9,196,270,2015-01-07,2016-11-14,141,25,S,374,3833.67,5,3543.35,254.74,7248.75
626,66,285,230,2013-06-10,2014-07-03,48,150,S,284,3618.95,68,9579.88,436.53,2935.91
627,49,115,209,2015-03-24,2015-02-28,38,108,M,687,1772.37,70,7625.87,70.32,6134.6
628,85,225,532,2014-11-03,2015-10-17,129,154,M,122,1437.06,27,2323.07,209.76,8032.39
629,32,3,276,2013-11-07,2013-09-24,49,178,X,377,524.81,16,5059.7,814.29,4261.68
630,79,129,647,2014-12-19,2016-09-01,26,176,S,185,1861.45,69,850.07,448.66,2552.69
631,48,218,485,2016-06-13,2015-11-30,3,176,S,18,3545.49,9,502.5,136.99,4517.0
632,75,383,158,2016-09-23,2014-06-22,11,121,M,501,4620.68,48,5896.96,741.44,9101.27
633,48,185,275,2013-04-23,2013-05-16,65,184,S,240,3395.11,2,5031.42,177.58,1877.48
634,92,170,299,2013-01-24,2015-06-30,97,68,S,79,3888.53,66,4648.3,676.8,628.81
635,45,20,59,2016-01-18,2013-06-11,97,191,S,803,2762.89,54,5014.23,472.74,6797.84
636,14,60,306,2016-10-27,2015-05-11,69,91,XL,372,3033.68,68,5618.52,971.91,5235.6
637,26,177,113,2014-07-09,2015-09-14,36,89,M,132,1251.21,35,4119.79,630.81,7981.58
638,79,207,235,2014-09-08,2014-07-24,34,53,S,888,993.18,17,4240.9,296.34,217.75
639,25,229,102,2015-12-09,2015-09-08,55,1,S,270,4186.65,1,1183.53,179.03,5428.09
640,79,73,339,2015-07-21,2016-07-09,99,99,M,54,1611.37,21,2300.82,271.63,9318.14
641,63,375,603,2014-08-10,2015-03-21,130,196,X,796,40.03,23,8198.51,513.65,5411.17
642,70,193,589,2014-01-14,2013-10-13,144,206,S,985,3320.76,29,4153.73,615.95,2924.74
643,76,171,182,2015-02-17,2015-11-10,133,32,L,371,2272.35,4,4252.76,608.45,3700.48
644,37,69,657,2013-06-29,2016-11-19,124,193,S,131,566.62,52,9373.68,583.42,9510.71
645,14,18,119,2015-11-02,2014-12-06,112,75,M,788,1739.34,55,6127.41,384.11,8265.45
646,11,125,196,2015-12-23,2013-11-01,203,138,X,133,1483.37,66,4734.38,338.41,4685.69
647,12,141,344,2016-06-01,2014-02-08,122,23,S,709,320.0,18,2931.87,638.78,3284.32
648,92,202,2,2014-09-19,2014-08-26,51,39,X,783,4534.8,67,8727.83,103.62,2696.54
649,18,379,229,2013-10-04,2016-01-23,142,46,M,106,3959.12,36,2319.03,403.39,6376.34
650,86,203,168,2014-10-18,2014-10-03,40,122,XL,581,4901.17,38,9723.24,994.5,7381.7
651,76,208,77,2016-04-06,2015-05-18,41,74,M,113,1580.15,63,2159.29,291.27,385.22
652,5,174,332,2016-11-17,2014-06-23,61,207,L,458,1364.66,12,1014.77,154.43,8250.53
653,94,97,546,2013-12-10,2015-04-20,25,139,L,126,4922.73,5,9379.72,447.03,7006.63
654,22,293,311,2014-11-07,2014-06-22,210,165,S,903,3224.76,19,8080.33,436.75,4514.32
655,26,367,324,2016-09-10,2013-06-24,122,186,S,67,4105.8,7,8497.39,804.08,7511.42
656,82,280,124,2014-01-11,2014-09-16,140,206,L,199,4315.19,57,1286.88,230.98,9981.03
657,60,202,271,2014-08-09,2016-07-29,25,131,S,252,4473.54,11,6976.44,413.5,2223.91
658,17,56,143,2014-01-03,2016-10-11,23,44,M,611,849.51,40,1285.36,318.36,9909.46
659,36,92,13,2016-12-20,2014-07-10,154,60,S,302,3071.92,41,5580.13,583.11,294.52
660,5,131,92,2015-04-24,2015-04-28,185,203,S,536,2871.47,39,8442.41,530.4,1664.4
661,73,9,595,2016-08-20,2013-03-29,131,207,S,403,561.52,52,8505.12,542.42,5123.85
662,35,86,500,2014-07-15,2016-04-23,164,199,S,95,3180.63,51,1901.71,628.31,2710.37
663,80,340,499,2015-05-16,2016-08-29,168,128,M,579,2550.64,8,9494.85,918.04,5482.39
664,69,306,257,2016-05-28,2015-09-08,153,63,L,305,1595.25,70,2210.42,841.5,6988.8
665,81,122,31,2014-07-11,2016-10-14,13,148,M,822,2743.7,29,4279.67,842.89,8959.51
666,48,140,445,2013-08-24,2013-06-06,51,165,M,22,1075.63,8,2576.05,340.46,4749.86
667,56,189,337,2013-11-24,2016-07-24,63,87,S,681,1752.01,13,7801.91,210.19,1050.46
668,88,372,232,2013-10-13,2013-03-10,189,175,S,55,1502.27,56,6339.49,579.53,8791.55
669,20,53,145,2015-09-12,2013-06-15,6,191,XL,404,2519.35,5,4462.14,996.3,9027.62
670,91,359,450,2014-10-31,2014-07-20,138,144,X,731,3608.15,50,6363.61,396.02,7720.19
671,23,82,305,2016-10-25,2013-08-08,134,137,L,143,4527.02,30,9903.74,845.39,4184.53
672,39,42,399,2014-07-16,2016-01-06,67,98,S,20,3344.14,54,1347.43,999.38,7756.29
673,21,356,172,2015-08-04,2013-06-23,111,177,M,581,2501.51,65,1475.8,121.72,1153.97
674,28,294,95,2014-01-31,2014-03-10,152,4,S,313,3157.21,45,1418.54,468.76,5038.37
675,84,34,259,2013-06-20,2014-02-18,207,8,L,660,2080.95,54,2618.31,954.0,5222.86
676,6,101,605,2015-01-22,2015-05-20,19,130,L,13,2058.28,63,7345.4,179.85,5239.94
677,4,28,98,2016-01-02,2013-07-12,15,17,S,531,2663.45,63,2352.61,101.29,4128.28
678,60,248,188,2013-07-27,2013-04-02,162,97,M,194,2860.56,16,9851.47,412.79,4329.95
679,20,32,405,2014-09-14,2015-01-10,11,144,S,763,4672.47,58,4597.0,280.38,567.42
680,20,160,324,2016-12-07,2013-02-19,20,177,X,790,3415.96,39,1351.32,215.89,5654.06
681,81,176,90,2014-07-08,2014-12-23,159,155,L,294,3046.16,30,6415.34,445.21,7143.3
682,82,136,99,2015-06-24,2015-07-01,27,34,XL,485,4269.89,67,4940.55,897.37,8751.23
683,24,251,114,2016-06-28,2016-08-12,29,30,S,514,486.4,69,2234.57,963.92,9030.53
684,48,13,13,2016-02-19,2016-05-23,29,47,X,231,4629.49,58,4082.03,730.37,9108.02
685,56,127,20,2015-06-23,2013-09-11,187,123,S,992,3541.55,6,1593.33,745.38,2513.81
686,15,8,552,2016-05-28,2016-12-21,188,31,X,523,2663.18,70,3339.5,685.17,7472.22
687,18,149,535,2015-04-18,2015-07-12,123,196,S,102,4861.99,57,6214.0,637.54,3169.18
688,71,56,469,2013-04-03,2013-07-14,185,146,M,77,1564.61,18,4476.07,512.43,2272.87
689,48,156,101,2014-03-26,2013-11-04,11,57,S,289,1836.85,18,6857.18,132.3,4268.57
690,49,187,401,2015-12-01,2016-12-14,35,36,M,422,3254.54,35,7622.89,744.48,3750.66
691,11,284,502,2015-11-06,2014-01-06,176,85,M,837,4896.57,18,8891.43,847.79,9110.8
692,34,193,257,2013-01-10,2016-04-23,170,9,S,609,2811.23,33,3727.01,684.95,8881.66
693,64,386,568,2014-08-17,2014-08-17,165,174,X,732,2266.75,47,9559.1,83.51,3149.01
694,40,257,323,2013-11-28,2015-10-09,7,200,S,524,4139.29,57,6066.38,228.68,3319.93
695,41,61,419,2014-06-02,2015-10-09,81,185,M,777,3433.98,22,7999.67,106.23,1088.96
696,86,246,377,2016-06-02,2014-10-05,79,72,M,92,2017.83,60,504.9,632.07,1483.5
697,1,105,354,2016-06-23,2014-09-16,196,68,XL,157,3705.56,46,1124.51,636.03,1586.72
698,74,103,7,2016-08-31,2013-06-29,69,155,S,783,3609.21,64,6263.25,629.72,7416.58
699,20,253,614,2016-05-17,2013-04-12,119,193,L,667,1417.93,14,7926.63,153.98,6293.5
700,93,347,46,2013-09-23,2016-11-13,150,127,X,100,3625.3,7,8899.02,189.51,8830.94
701,13,310,346,2015-11-30,2014-11-22,86,201,M,472,1714.43,55,3561.0,367.53,911.9
702,85,50,9,2014-06-12,2016-09-29,29,143,M,512,3577.56,53,1988.87,642.65,8100.82
703,21,93,546,2016-07-24,2016-09-16,59,35,XL,78,2415.46,17,3657.19,822.8,3235.25
704,36,140,10,2016-05-28,2014-03-27,88,149,S,286,804.29,4,484.45,553.62,7784.35
705,72,161,599,2016-07-20,2015-01-01,171,109,L,310,3421.2,51,8640.12,241.95,9046.84
706,39,240,200,2016-01-16,2014-02-13,82,38,L,657,4812.8,63,5221.42,393.05,5788.78
707,20,102,365,2013-09-29,2013-09-16,197,184,S,546,4493.81,10,4153.54,68.14,9490.59
708,52,46,45,2016-01-14,2013-03-17,2,183,S,951,3362.12,3,7384.06,562.71,9466.06
709,56,134,286,2014-05-23,2015-04-07,58,63,L,717,2936.76,30,7708.6,986.7,1084.66
710,75,107,458,2014-06-09,2015-05-06,199,162,S,872,1484.93,58,5782.78,353.86,7840.93
711,13,178,540,2014-10-23,2015-06-15,123,177,XL,52,907.77,29,9021.92,179.66,4193.45
712,47,295,187,2016-12-19,2013-03-17,57,147,S,704,1099.87,45,9759.21,435.68,4043.98
713,7,101,7,2015-12-19,2014-02-26,201,108,S,5,3124.77,19,1762.18,613.16,7663.45
714,92,57,377,2015-03-19,2015-07-25,44,184,M,972,1174.92,22,6695.52,98.01,1586.02
715,92,16,241,2015-06-14,2016-11-10,171,143,M,899,4657.77,21,2411.14,71.06,9018.41
716,82,184,444,2015-07-04,2015-06-24,154,113,XL,263,845.43,57,3289.38,418.48,8525.33
717,20,230,336,2016-08-23,2015-03-28,126,94,S,46,3501.37,7,9458.4,178.19,7614.54
718,89,120,265,2015-06-17,2015-04-22,119,210,M,94,4628.27,40,9848.08,111.95,4161.5
719,34,8,214,2014-05-13,2016-05-27,61,135,L,882,3001.21,41,4869.0,55.75,2186.11
720,49,212,159,2016-12-25,2015-06-07,196,16,L,145,3758.7,41,6460.28,597.9,3574.47
721,67,342,137,2014-08-11,2015-11-26,170,14,L,660,74.83,26,4229.69,867.77,3708.15
722,40,353,176,2014-03-03,2014-09-09,65,173,XL,278,2202.82,16,9375.5,661.72,9649.22
723,38,188,199,2013-06-20,2014-06-27,17,13,S,569,3281.24,41,8219.17,787.5,2313.05
724,19,134,58,2014-02-10,2015-09-07,201,111,M,329,54.92,6,5869.89,320.33,1185.83
725,79,257,478,2016-12-22,2016-11-24,159,131,S,865,3172.95,32,1752.39,269.3,5979.14
726,10,97,370,2016-03-27,2015-04-26,24,110,L,125,1196.52,22,6447.59,371.09,8387.6
727,7,127,580,2013-05-03,2016-03-04,35,96,S,634,1287.35,27,9603.53,110.79,2158.79
728,17,120,90,2013-04-29,2016-06-27,207,157,S,863,4940.29,36,6462.53,439.4,6346.1
729,70,213,114,2016-02-14,2016-09-01,120,109,M,33,206.16,30,6425.79,304.19,6951.57
730,75,364,180,2016-12-21,2013-02-16,195,166,M,678,1004.58,44,6061.79,54.88,7172.49
731,44,243,175,2016-12-29,2015-03-01,105,15,S,606,3645.11,24,9774.63,594.89,2571.77
732,91,232,27,2015-11-28,2016-04-15,151,3,L,911,2124.08,46,178.53,663.95,491.04
733,46,44,335,2014-06-24,2013-11-08,25,89,S,534,574.86,34,629.91,502.17,4684.73
734,30,304,617,2016-05-02,2014-05-26,36,191,M,166,1476.41,48,7429.73,679.35,7450.99
735,1,210,471,2013-12-23,2015-07-25,19,166,S,301,4296.82,8,6653.3,553.36,1651.7
736,71,307,117,2015-09-06,2014-07-13,46,136,L,293,2916.44,21,8660.79,487.7,8832.88
737,79,174,573,2016-03-08,2015-06-29,165,156,M,427,679.85,33,5649.38,93.58,412.24
738,87,326,18,2015-12-19,2015-12-12,22,209,S,425,833.27,6,6547.31,956.24,8966.47
739,21,264,611,2015-03-22,2013-04-01,148,142,S,30,3862.43,68,2165.24,258.79,6815.4
740,19,197,27,2013-12-17,2014-12-17,17,161,M,28,4912.45,69,8485.89,991.12,1917.5
741,6,156,192,2013-03-23,2014-04-15,79,49,S,227,1097.57,11,4946.82,822.59,7958.3
742,31,190,538,2016-06-08,2016-08-27,63,202,S,179,3847.3,45,510.07,821.73,3601.64
743,94,256,304,2014-02-28,2016-11-24,138,153,XL,869,3652.33,68,2354.92,397.34,5569.43
744,54,180,418,2016-07-02,2016-03-17,20,62,M,475,3228.9,2,1726.38,102.54,1577.01
745,1,97,657,2014-03-11,2014-01-01,125,19,L,38,187.86,16,7067.83,190.99,4483.82
746,68,44,246,2013-12-29,2015-03-15,118,159,L,82,4819.67,18,946.17,567.5,5678.82
747,16,128,596,2014-05-21,2015-07-03,169,209,S,700,2921.17,24,4820.44,208.43,1643.04
748,84,82,493,2016-11-08,2014-12-11,59,47,L,662,3992.06,58,6837.82,310.88,4385.12
749,92,212,315,2014-07-22,2013-12-16,8,1,S,689,2931.14,60,9013.33,427.76,6408.57
750,50,243,249,2016-09-17,2013-09-14,206,59,M,754,1254.05,3,926.05,218.82,9262.96
751,88,74,226,2013-07-09,2016-05-28,127,95,S,973,1751.6,45,9720.97,50.18,4678.89
752,24,178,491,2013-10-02,2015-11-01,153,210,XL,881,2574.69,6,570.15,560.15,8708.9
753,69,82,603,2015-02-15,2016-09-04,63,90,M,394,1176.25,38,3004.8,826.65,856.99
754,24,14,544,2013-02-21,2016-07-09,177,113,XL,775,4354.65,1,9124.46,272.35,196.67
755,92,204,20,2016-04-26,2014-02-02,92,187,L,294,3547.9,15,6933.71,180.34,842.45
756,55,214,615,2016-05-09,2015-05-03,127,42,S,188,2441.0,52,5870.31,838.74,4443.18
757,82,207,446,2014-01-17,2013-08-14,152,65,M,331,2125.33,12,6073.54,130.13,461.2
758,84,381,514,2016-12-02,2016-09-18,23,202,S,936,2406.98,66,9060.75,178.06,2407.77
759,36,143,200,2014-09-11,2015-08-22,17,52,S,799,337.3,23,7542.99,993.58,8895.72
760,15,10,431,2015-02-20,2015-05-30,148,169,L,890,1303.0,52,861.94,659.98,9757.02
761,1,109,521,2015-06-13,2013-07-15,38,74,M,702,3916.59,56,2076.07,274.42,7535.39
762,32,49,245,2013-04-14,2015-04-02,94,162,S,442,3092.03,46,7932.95,846.52,2811.68
763,18,12,62,2016-08-20,2013-09-10,15,7,S,667,1853.73,37,2060.12,725.04,874.14
764,55,56,179,2014-04-26,2014-05-20,178,175,L,710,4829.73,34,4275.26,761.67,3520.73
765,41,158,532,2015-10-27,2016-06-21,52,189,M,46,2468.54,57,4440.79,706.72,9020.25
766,52,263,534,2013-07-13,2015-01-28,137,73,L,519,2303.44,49,9269.16,811.54,9462.56
767,3,6,282,2016-08-29,2016-01-05,85,209,M,990,3059.51,48,5772.7,793.41,9701.39
768,31,172,614,2014-05-12,2014-06-26,4,135,S,818,4238.81,34,1616.17,682.96,5612.95
769,72,116,84,2013-04-27,2015-03-03,93,23,XL,116,573.82,1,1256.96,356.63,9299.45
770,59,7,182,2013-09-06,2016-03-01,11,140,S,881,4863.72,42,1351.06,136.3,6187.31
771,88,226,553,2013-12-05,2016-11-19,154,7,M,512,3550.1,41,5776.14,844.58,3175.84
772,18,197,546,2015-01-04,2013-03-22,179,37,S,192,2404.23,43,4342.62,454.43,6266.06
773,58,309,462,2016-05-27,2016-08-30,188,180,M,248,3982.97,51,511.36,548.36,4437.93
774,90,328,504,2016-04-23,2014-01-05,147,173,S,306,4520.46,28,2024.97,864.25,9705.64
775,35,156,374,2014-09-21,2014-10-05,27,19,S,393,4684.69,23,8331.99,877.57,6613.62
776,81,75,268,2015-07-25,2014-03-01,41,41,M,957,1844.12,54,275.55,806.61,8037.98
777,1,107,81,2016-06-17,2016-10-02,49,150,M,969,2308.21,66,4368.3,340.14,1675.78
778,86,20,115,2015-06-06,2015-04-09,27,97,S,789,2547.33,28,3507.7,484.73,6855.4
779,88,180,539,2015-10-12,2013-05-01,145,176,M,517,3943.71,45,5617.84,236.5,5160.03
780,23,63,460,2015-02-13,2013-04-02,62,3,M,723,1554.96,19,6647.37,146.2,6896.21
781,75,321,491,2015-06-03,2013-09-09,150,91,S,603,4447.19,64,2853.53,694.03,9660.33
782,22,332,485,2013-07-28,2015-12-13,17,45,S,986,1045.71,5,3806.48,738.84,7317.52
783,54,159,275,2016-11-06,2014-12-30,27,194,S,657,450.84,31,5696.99,525.0,2311.47
784,56,122,214,2016-04-05,2014-05-22,70,194,S,566,3956.73,43,667.0,607.45,8060.03
785,57,53,563,2016-11-22,2013-10-29,36,17,X,246,2165.04,44,6170.21,373.19,4338.14
786,90,351,199,2013-10-18,2013-06-04,12,25,S,484,2115.34,17,3260.81,554.61,6194.04
787,92,384,385,2014-06-18,2014-06-04,25,46,M,534,3570.85,16,7901.85,66.95,498.56
788,43,97,336,2016-06-13,2013-03-03,77,191,X,593,37.78,10,9847.02,595.91,3029.51
789,75,92,138,2016-02-06,2014-03-25,31,87,S,557,1178.29,57,4709.27,715.54,2573.05
790,69,257,512,2014-02-21,2016-02-28,83,131,S,481,1065.31,7,4386.19,487.53,4323.88
791,3,150,122,2014-07-02,2016-06-17,205,45,XL,49,1362.4,61,5862.2,472.09,7312.88
792,6,205,88,2014-06-23,2014-06-19,144,138,S,371,2765.56,2,2273.42,900.97,2229.7
793,69,191,101,2016-10-31,2015-06-02,88,192,S,440,3117.5,60,4975.56,264.39,4627.84
794,50,114,602,2014-05-17,2015-01-25,186,155,M,396,1144.5,2,7520.16,605.88,7594.08
795,39,383,614,2014-03-17,2013-04-17,122,35,S,206,997.67,20,2447.3,330.21,8466.16
796,40,27,382,2014-07-04,2015-01-03,1,66,S,439,3182.63,41,5631.06,959.85,6123.74
797,2,67,56,2015-02-09,2016-06-28,42,161,M,155,3431.65,17,5012.06,122.57,3434.34
798,81,172,26,2014-12-12,2014-03-27,96,119,S,395,839.28,33,3036.26,170.01,1952.8
799,83,115,324,2016-12-06,2016-06-27,112,18,M,180,1036.55,41,6429.74,969.83,578.16
800,61,374,210,2016-07-29,2013-07-14,195,166,S,403,623.91,13,6834.47,764.83,4923.46
801,34,284,511,2015-10-17,2015-04-25,28,78,S,656,83.07,44,9855.12,78.98,1855.48
802,9,195,386,2016-07-26,2014-08-17,207,4,S,776,101.8,33,4811.5,858.63,4973.41
803,50,62,473,2015-11-15,2016-07-21,39,126,M,662,3504.39,24,2517.47,536.19,1451.8
804,46,184,350,2015-12-19,2016-08-01,131,96,S,81,3910.2,35,2777.18,829.97,3325.55
805,49,253,460,2016-10-04,2014-08-08,31,169,X,979,490.34,30,2445.52,767.3,9241.61
806,8,305,184,2013-11-28,2016-05-06,61,64,M,127,2689.25,12,5269.09,355.7,890.03
807,95,144,461,2016-08-03,2014-03-26,107,161,XL,780,2316.15,41,3258.1,578.05,6014.68
808,30,169,598,2016-11-20,2013-11-01,166,141,M,757,277.94,10,7816.09,180.07,8877.87
809,71,353,25,2013-07-27,2015-06-11,169,193,L,817,4864.31,2,4075.95,230.54,8535.21
810,82,48,87,2015-05-24,2014-09-20,53,35,L,30,1886.81,66,6407.91,916.41,232.1
811,92,131,526,2016-10-26,2016-11-27,113,168,S,858,3137.47,39,3475.79,574.3,2176.94
812,5,18,345,2014-06-28,2016-07-31,57,169,M,469,2940.39,11,2443.36,243.16,7575.94
813,60,257,247,2015-02-14,2013-05-28,201,65,S,901,3280.76,44,8859.82,231.18,7031.98
814,46,360,429,2015-08-02,2016-07-13,133,124,S,496,420.55,39,8906.91,100.78,5313.42
815,73,333,563,2016-08-24,2014-04-18,70,91,S,133,4608.87,9,2665.61,226.71,248.01
816,58,204,374,2016-07-14,2014-01-18,11,119,M,603,150.08,51,4037.9,860.67,6108.29
817,20,337,350,2015-06-06,2016-04-06,120,76,M,634,2720.04,5,4380.07,187.39,635.52
818,28,324,203,2016-01-08,2014-10-12,146,172,S,89,2133.21,64,7026.14,299.63,6577.24
819,63,44,73,2015-01-06,2014-10-07,162,184,M,411,4037.79,49,2650.99,398.78,3067.52
820,71,291,240,2013-04-27,2015-09-07,118,68,S,804,3897.0,30,5270.21,854.35,786.81
821,72,140,354,2013-01-04,2015-01-14,145,90,X,285,1968.94,3,9305.93,125.62,1902.36
822,75,216,458,2013-05-08,2015-11-21,5,168,M,230,4157.39,58,1313.64,942.99,8273.48
823,33,177,295,2014-06-05,2016-07-13,54,181,M,351,4033.41,63,400.99,459.45,4009.26
824,1,144,447,2015-07-03,2013-11-21,50,50,L,843,94.65,43,4049.07,69.47,305.76
825,19,144,29,2014-01-16,2013-09-18,38,105,S,789,3904.1,6,9072.02,396.51,977.2
826,44,324,249,2015-12-25,2013-09-10,117,198,S,216,4506.15,50,3189.44,177.38,523.41
827,43,304,431,2015-08-30,2016-11-23,135,89,S,766,4045.51,27,3063.83,553.95,5341.35
828,30,38,387,2016-06-04,2013-07-08,94,62,S,269,3073.85,61,7948.14,263.79,1644.6
829,4,120,269,2016-05-26,2013-06-20,160,100,S,490,3478.03,49,240.51,670.9,2993.07
830,54,76,295,2016-03-01,2015-01-16,119,160,S,290,2226.36,12,6371.36,744.59,5639.8
831,73,173,302,2016-06-03,2013-07-07,197,24,X,414,3665.55,41,4210.94,451.51,783.87
832,24,256,628,2013-08-29,2013-01-07,34,83,L,61,2697.62,17,7456.67,464.92,8162.6
833,22,236,196,2016-08-05,2015-06-25,108,172,L,188,2002.45,3,4448.73,476.05,2369.6
834,35,112,535,2013-03-29,2016-03-10,61,112,XL,272,1453.91,2,1616.37,102.46,1164.17
835,64,203,180,2014-10-07,2014-03-15,58,204,XL,990,879.05,28,4368.69,272.14,478.43
836,9,221,560,2015-11-06,2015-03-23,144,147,X,634,333.15,1,4240.44,949.03,9567.68
837,58,12,196,2016-07-08,2016-02-13,159,196,XL,829,231.44,26,5619.38,260.18,333.95
838,25,14,393,2016-11-04,2015-09-04,114,33,S,221,1490.73,3,3447.24,65.06,1842.74
839,32,285,659,2013-07-30,2013-11-25,28,82,S,931,3414.51,59,8616.05,943.0,7643.89
840,65,225,403,2015-04-30,2015-03-28,50,138,S,15,43.8,35,9404.58,636.01,4207.28
841,86,373,71,2016-11-01,2015-03-18,6,51,M,171,4623.63,21,2966.07,348.54,5772.1
842,92,71,84,2016-02-10,2015-11-12,38,201,S,876,1680.4,42,2910.13,937.02,7014.48
843,77,365,516,2014-01-30,2015-05-13,79,30,S,377,2584.57,34,185.31,308.42,7394.58
844,63,97,122,2015-02-21,2014-02-10,51,18,S,553,4713.65,67,9373.71,102.05,6159.87
845,31,203,77,2016-11-10,2016-05-23,102,42,S,963,4342.12,24,2556.65,478.29,7010.91
846,8,149,100,2015-08-18,2013-11-24,174,157,M,356,2945.11,30,5549.87,604.65,977.01
847,26,33,242,2015-02-28,2013-03-16,63,186,S,976,1806.57,46,1523.6,793.02,3358.26
848,93,234,495,2016-01-04,2014-01-11,117,34,S,595,2104.96,22,2744.87,273.71,5209.12
849,92,272,532,2016-03-05,2014-04-05,67,58,X,457,868.83,55,2686.51,823.08,2894.49
850,22,17,501,2014-03-20,2013-02-14,123,85,M,282,3670.35,58,7717.79,843.23,6787.48
851,67,140,544,2014-05-21,2013-01-28,161,206,M,996,252.83,47,7514.74,802.37,5458.08
852,74,167,589,2016-10-23,2014-03-15,135,181,S,960,2741.39,10,7677.68,291.35,547.27
853,31,100,249,2013-07-01,2016-02-13,210,61,XL,734,475.25,67,8781.42,769.0,2595.55
854,68,268,121,2015-06-10,2013-09-16,121,74,L,794,4485.69,6,3196.66,432.49,1660.82
855,53,219,76,2015-05-20,2013-08-25,121,20,X,151,1444.68,21,6998.44,202.26,3123.6
856,29,244,412,2015-11-24,2014-12-22,30,105,S,993,2671.26,69,6139.25,396.1,8337.02
857,84,60,303,2016-04-29,2016-12-04,198,38,XL,15,3921.86,18,938.58,784.29,7342.11
858,43,18,373,2013-05-16,2014-11-15,102,62,M,164,1267.91,61,2940.14,453.11,5787.95
859,80,140,424,2015-06-21,2016-05-01,102,113,S,261,1623.41,62,3829.08,157.68,6894.76
860,4,342,422,2016-05-21,2013-09-09,25,138,S,895,266.65,52,4382.46,645.57,7956.75
861,60,50,500,2013-09-06,2014-05-03,206,126,S,759,3171.29,69,2657.67,697.56,6438.65
862,56,386,593,2016-05-29,2013-12-23,33,167,S,481,4697.86,42,9628.29,968.41,6148.74
863,3,262,477,2014-08-04,2015-11-08,12,155,S,477,2915.09,10,4543.79,631.42,2105.36
864,5,155,599,2015-01-21,2016-11-05,188,167,S,498,4323.32,26,1727.19,314.69,6213.75
865,67,60,92,2014-05-10,2013-07-18,207,191,S,746,2085.13,12,3940.14,143.06,948.85
866,42,148,193,2015-10-31,2014-10-04,197,174,XL,41,1257.89,63,2545.92,383.78,4699.58
867,56,59,339,2013-11-29,2014-07-14,170,38,M,338,996.48,1,3051.26,336.5,4949.25
868,5,371,433,2013-11-05,2016-04-12,55,49,M,491,3285.44,2,1399.02,149.75,2366.82
869,4,325,657,2014-05-30,2015-12-07,120,103,S,518,3911.19,16,1595.13,616.58,3382.14
870,33,123,316,2015-02-07,2014-12-01,42,151,S,57,4289.41,31,8125.03,709.97,5885.86
871,37,384,22,2015-09-09,2014-12-03,16,61,L,42,2342.57,41,7155.75,228.87,1712.28
872,71,308,232,2015-05-22,2016-09-07,90,160,S,785,4769.03,10,8970.81,465.95,6126.24
873,1,248,21,2014-04-06,2013-07-16,5,174,S,163,4823.66,42,4189.34,465.28,4475.75
874,6,310,211,2014-02-23,2014-10-18,97,46,L,953,2784.18,68,490.17,637.62,8510.96
875,37,84,404,2015-02-24,2014-01-22,147,177,S,571,4190.05,1,2756.3,554.88,4206.74
876,33,345,594,2014-08-16,2016-09-07,55,146,S,333,3657.67,39,948.52,156.06,276.25
877,64,203,274,2013-04-27,2016-11-12,78,124,S,302,1826.4,27,9728.86,52.63,7622.82
878,29,54,401,2014-12-14,2015-07-31,97,11,L,23,449.74,1,1492.58,600.97,1538.64
879,86,135,293,2014-09-18,2014-06-09,125,185,S,220,1951.29,53,6526.79,912.16,894.2
880,45,247,190,2014-09-03,2013-08-08,179,53,S,798,2043.48,55,4758.89,831.15,8400.23
881,95,26,576,2016-09-20,2014-10-05,114,131,S,91,58.76,50,6234.82,684.6,2937.39
882,23,311,636,2015-08-20,2016-03-30,163,65,S,2,1695.25,24,4969.89,342.73,8830.2
883,13,8,196,2015-08-04,2015-07-27,164,60,S,415,2819.0,29,3560.73,997.58,5058.04
884,60,82,369,2015-10-28,2016-08-18,145,2,S,190,3401.81,40,8355.83,890.95,5216.45
885,76,246,611,2013-07-27,2016-02-11,174,112,S,329,39.25,67,6949.12,512.0,6387.64
886,43,273,562,2015-06-26,2015-07-02,118,174,S,918,3293.58,51,2678.4,724.24,5737.65
887,87,15,154,2016-01-07,2014-07-08,204,18,S,633,237.19,20,505.18,641.24,371.76
888,44,369,512,2013-11-22,2014-02-22,61,91,L,913,120.61,5,5636.79,173.73,8658.2
889,32,362,32,2014-08-04,2013-01-02,163,38,S,843,4833.85,30,3493.14,92.27,3279.79
890,63,18,502,2015-09-11,2014-12-31,194,90,S,78,3236.45,46,4688.41,235.05,6715.84
891,17,41,296,2013-03-07,2013-08-09,152,19,XL,565,2232.83,70,8529.25,165.57,590.08
892,54,375,599,2014-09-25,2016-12-24,88,76,M,767,2635.42,60,843.85,670.51,5442.57
893,67,226,272,2015-05-10,2015-09-10,29,127,M,656,4715.57,48,6687.08,728.61,1261.03
894,47,317,143,2016-12-21,2015-05-15,104,70,X,540,1782.22,64,599.35,598.83,5559.47
895,56,227,157,2014-02-14,2014-04-19,98,133,L,506,3165.73,60,6509.33,503.65,8044.51
896,89,376,111,2016-08-26,2014-12-13,22,170,S,942,289.66,5,9518.51,868.23,7195.31
897,65,56,570,2014-08-05,2014-08-10,134,113,S,550,174.26,65,5866.39,951.32,5663.69
898,40,53,371,2014-11-22,2015-11-22,139,107,L,241,816.66,10,2786.52,983.66,1355.93
899,89,378,297,2016-01-03,2013-12-26,137,96,M,728,3419.43,51,6290.52,276.4,8126.41
900,33,135,374,2015-12-29,2015-05-15,63,180,M,629,2169.71,2,3718.01,416.56,8402.63
901,52,370,5,2015-03-20,2014-11-02,11,113,L,557,4148.0,67,6848.27,416.5,6379.57
902,54,270,361,2015-02-07,2016-06-20,39,120,S,819,2258.79,60,1600.15,853.84,2184.91
903,33,314,338,2014-07-18,2016-11-25,127,184,M,571,798.71,37,1978.32,887.16,1110.35
904,80,88,252,2016-12-13,2013-09-15,31,205,S,588,2474.14,70,3452.95,107.87,5805.08
905,22,258,280,2013-05-28,2016-02-13,8,160,M,985,1404.07,36,9924.88,558.4,6236.12
906,57,170,35,2013-09-12,2014-12-05,99,116,M,138,2049.64,30,5791.14,708.26,3682.11
907,60,193,468,2013-08-27,2014-04-22,180,63,S,956,4780.46,63,899.23,92.98,973.44
908,23,261,93,2013-11-23,2014-08-22,156,181,S,904,2805.98,33,7492.19,770.08,7501.71
909,12,8,80,2014-07-28,2016-06-17,153,90,M,95,2177.65,31,4165.66,431.58,3803.96
910,47,191,324,2014-02-10,2013-10-29,108,161,X,330,3948.62,37,5363.46,561.28,7306.14
911,20,74,366,2015-11-02,2014-07-05,83,105,L,87,3485.36,63,4415.46,982.17,1901.9
912,3,288,13,2013-09-05,2016-02-15,4,83,S,691,3386.48,22,8894.62,618.02,1494.73
913,91,312,572,2013-10-22,2016-03-13,65,85,S,577,2565.81,23,1955.03,786.51,6140.89
914,13,23,176,2013-07-27,2013-01-28,54,181,S,768,4497.22,70,4297.56,645.18,3364.25
915,7,91,142,2015-05-17,2014-10-16,170,191,S,423,3641.94,45,3405.03,815.43,1302.88
916,62,18,626,2014-02-14,2016-01-22,99,127,S,147,2248.34,39,2305.5,959.0,4820.96
917,43,178,373,2015-12-09,2015-02-18,66,105,M,55,4294.65,57,4751.99,964.36,5922.66
918,56,166,348,2015-09-21,2016-03-18,57,183,S,173,3369.75,30,8220.12,163.59,6198.36
919,57,362,317,2014-08-07,2014-04-16,133,124,S,4,2941.52,37,7090.64,85.58,9226.88
920,56,212,529,2015-01-19,2016-03-25,175,189,S,793,4059.46,36,2724.99,334.54,5300.49
921,36,348,356,2016-08-07,2013-06-30,73,52,S,940,4793.41,61,8721.87,825.67,8830.71
922,12,141,294,2015-10-21,2015-07-11,95,174,L,889,2937.21,20,1655.59,137.11,2402.32
923,52,118,570,2015-10-13,2013-12-21,166,76,L,456,4672.23,49,8531.8,599.19,9470.22
924,38,99,75,2013-03-22,2014-05-01,117,3,S,817,3907.0,56,1599.64,741.73,8918.56
925,39,313,571,2016-01-26,2014-07-02,156,25,S,415,4953.17,36,8050.17,652.79,8018.9
926,84,196,645,2014-05-24,2016-08-01,203,136,XL,122,1081.0,61,2560.48,52.78,9941.92
927,57,149,556,2014-10-29,2016-08-26,180,152,S,124,1151.34,43,2062.66,145.57,5023.58
928,50,156,410,2016-11-19,2014-09-18,13,75,S,113,1052.22,12,116.31,130.51,6201.79
929,42,262,289,2015-04-07,2016-02-06,75,18,S,931,4521.56,37,2769.45,450.04,7353.18
930,80,224,93,2016-07-01,2014-10-24,102,79,L,49,3667.09,22,6865.21,854.3,4479.96
931,65,158,317,2014-05-15,2016-06-24,64,150,S,569,193.13,20,4154.69,605.33,1691.51
932,26,84,472,2016-05-24,2013-04-06,49,180,M,98,2141.4,62,9995.49,423.95,3095.34
933,8,238,467,2015-08-28,2015-03-13,59,134,M,586,2086.59,69,9762.14,329.99,8407.83
934,11,109,367,2013-04-20,2014-06-09,189,81,M,97,3506.67,39,3873.25,833.2,4438.12
935,68,34,409,2014-10-04,2016-01-31,151,138,S,682,4001.36,59,1246.42,137.93,376.12
936,55,1,277,2016-10-10,2015-11-14,149,75,M,393,4578.08,66,6851.5,153.58,9042.32
937,91,26,272,2015-01-03,2015-02-01,66,161,S,276,278.01,54,598.48,671.36,2212.22
938,50,181,571,2013-11-29,2013-09-18,121,195,M,739,3130.91,4,8612.45,458.28,5445.7
939,78,64,579,2013-06-11,2016-09-06,195,119,M,791,1937.32,34,1923.23,164.23,8875.14
940,9,89,325,2016-10-18,2015-11-09,14,110,XL,420,1745.85,20,9557.12,140.98,8366.83
941,80,261,197,2016-10-31,2015-06-26,103,38,M,648,311.81,21,7640.39,291.72,6930.26
942,58,83,349,2014-09-26,2016-02-22,148,148,S,92,883.96,18,7103.34,575.6,8796.0
943,13,232,73,2015-07-26,2016-09-04,49,188,M,480,1225.53,13,3220.89,569.38,4800.37
944,27,86,481,2014-07-29,2016-07-01,84,157,S,459,4571.08,39,9084.01,270.2,2449.49
945,53,293,308,2016-03-08,2016-01-14,174,27,XL,79,4508.03,16,5672.5,136.34,7196.6
946,69,263,189,2013-04-02,2016-05-23,184,119,M,734,1502.84,70,4669.09,388.27,1589.13
947,60,383,70,2015-01-19,2013-07-17,125,201,M,883,3611.71,44,6005.45,239.28,8070.5
948,95,223,447,2016-07-25,2014-05-10,75,112,S,167,4140.56,2,5637.17,963.74,9209.45
949,16,64,592,2014-06-12,2014-07-09,156,69,S,632,1845.88,13,2705.71,586.98,9072.33
950,33,254,173,2014-05-02,2016-09-26,122,136,S,388,214.95,24,7657.35,383.29,7797.72
951,66,329,281,2016-01-18,2015-06-29,182,163,L,405,4657.33,31,5355.59,512.58,3883.57
952,13,190,531,2016-02-13,2015-12-11,152,206,M,819,4327.58,22,4732.6,998.33,8761.13
953,1,17,487,2014-02-21,2013-02-18,49,109,M,692,853.41,18,7029.96,265.03,9544.94
954,75,373,199,2014-11-15,2016-08-26,132,195,S,976,3385.95,18,1347.55,947.57,5402.21
955,61,231,302,2016-01-28,2015-02-02,14,96,S,476,4740.97,22,6570.1,63.96,2688.08
956,68,311,335,2013-08-29,2016-11-28,180,64,S,351,4942.22,26,1729.35,485.96,3407.17
957,39,271,396,2013-10-21,2016-11-11,100,60,M,303,2821.46,17,518.51,879.21,3059.27
958,45,224,312,2014-02-07,2014-02-21,44,194,S,355,2240.35,31,1145.43,685.97,3190.06
959,57,320,2,2016-11-07,2013-08-16,39,16,S,515,1081.3,58,3082.19,238.35,8127.04
960,84,205,647,2013-06-13,2015-02-03,76,148,S,543,3796.98,14,5488.26,778.53,5777.27
961,71,194,660,2014-12-24,2015-09-15,7,16,S,575,1730.97,25,6990.53,605.76,3293.31
962,15,40,15,2014-05-11,2015-02-17,184,64,X,351,592.89,23,7390.23,502.45,8699.66
963,75,372,168,2013-06-26,2015-08-02,118,126,M,531,2349.23,36,4150.48,186.32,4630.62
964,9,166,256,2014-11-25,2014-08-14,132,47,S,237,3257.93,45,792.89,726.44,6013.38
965,82,67,286,2015-07-25,2014-06-27,148,185,S,220,2058.35,23,8580.45,467.99,7371.77
966,95,348,420,2015-07-19,2014-10-29,35,61,M,754,3471.18,6,2685.99,570.78,6590.07
967,83,273,97,2016-11-01,2016-10-13,199,27,XL,855,1328.99,2,5314.22,121.96,7626.62
968,13,324,13,2014-01-03,2016-12-09,171,119,X,862,3126.42,58,6530.42,220.18,1728.87
969,48,75,205,2014-08-21,2013-09-13,60,46,S,104,1045.0,57,6006.95,436.57,9053.98
970,24,375,30,2015-11-19,2014-11-12,79,185,L,268,3060.46,11,7129.19,992.48,1273.71
971,33,255,363,2015-07-20,2016-12-09,44,36,X,832,4773.6,53,694.03,588.45,115.38
972,22,40,584,2014-11-20,2014-07-11,2,159,S,192,3221.79,23,3721.52,73.19,6441.22
973,62,31,136,2016-06-02,2016-06-29,75,30,M,204,4073.11,7,5168.7,237.77,258.6
974,43,348,440,2013-06-29,2014-05-22,37,87,X,770,1266.77,10,3589.63,812.47,674.62
975,6,3,233,2015-06-21,2015-09-16,64,147,L,268,812.53,19,4620.03,274.79,6268.37
976,47,159,291,2015-10-02,2015-11-28,132,52,X,665,1168.57,66,7455.99,615.07,4023.18
977,83,244,590,2013-09-06,2013-10-23,165,62,S,864,2329.42,52,2640.19,305.34,6995.15
978,32,269,263,2013-07-16,2015-02-27,118,114,M,102,576.82,45,3368.47,121.06,2529.14
979,85,136,517,2016-06-19,2015-09-06,83,69,M,710,1065.53,37,1743.31,640.41,4742.24
980,95,227,562,2015-12-29,2016-02-22,83,3,M,868,3424.49,8,6150.59,369.03,5155.49
981,65,168,14,2014-09-03,2013-10-26,149,137,S,292,2222.01,9,7843.65,773.61,6846.95
982,54,154,55,2013-01-15,2013-07-25,91,25,S,906,83.03,10,1183.12,776.21,3428.49
983,4,211,149,2013-04-12,2015-09-14,35,49,M,685,2150.47,19,5850.58,796.39,3856.26
984,30,320,266,2016-09-20,2013-10-30,172,197,M,654,4623.27,65,6351.94,362.36,4312.75
985,93,10,336,2014-08-13,2015-03-24,174,34,M,131,3351.09,49,1535.46,966.65,6790.81
986,18,152,302,2016-01-03,2016-08-12,126,163,L,418,606.94,11,424.83,637.58,7862.11
987,25,382,228,2016-06-20,2014-12-26,69,22,S,772,545.26,54,3509.82,885.49,9706.65
988,7,354,412,2013-12-24,2014-03-23,102,3,M,851,2554.04,6,9044.79,876.56,1926.49
989,92,255,402,2014-06-22,2014-02-13,118,10,M,768,4402.49,3,9860.8,690.93,4713.76
990,21,284,135,2014-12-19,2015-01-27,3,151,L,793,859.98,52,6484.06,566.03,940.59
991,92,142,102,2013-05-16,2013-03-11,31,140,L,613,166.6,9,5618.49,707.92,823.77
992,67,363,258,2016-07-23,2014-02-19,34,74,S,855,3501.09,23,3570.16,565.18,9722.18
993,66,316,80,2015-08-10,2014-02-13,194,196,S,346,3392.34,49,992.46,533.42,2493.27
994,37,115,545,2013-02-20,2013-10-11,174,197,S,780,1850.98,38,5888.69,945.15,9685.37
995,6,109,185,2015-11-21,2013-01-12,72,176,S,212,3531.05,9,1102.64,489.92,9794.42
996,6,172,349,2014-06-26,2013-09-24,11,127,S,947,1845.76,41,9280.68,364.46,7563.61
997,15,46,486,2016-04-28,2015-05-16,74,188,S,891,1272.49,12,7740.3,738.71,5149.66
998,29,377,104,2015-07-11,2016-11-04,167,76,S,703,3069.8,31,7919.79,51.86,2417.56
999,61,333,297,2015-06-14,2015-10-12,116,210,XL,445,2537.12,63,8526.59,851.36,1800.51
1000,46,212,111,2015-01-16,2016-03-17,209,61,L,358,4051.32,9,9950.97,836.55,2101.15
